✔ [4/52] Built Batteries.Lean.Position (496ms)
✔ [5/60] Built Batteries.Tactic.Unreachable (690ms)
✔ [6/61] Built Batteries.CodeAction.Deprecated (1.0s)
✔ [7/65] Built Batteries.Tactic.Lint.Basic (872ms)
✔ [8/65] Built Batteries.Lean.Meta.Inaccessible (695ms)
✔ [9/65] Built ImportGraph.Imports.ImportGraph (693ms)
✔ [10/65] Built Mathlib.Tactic.Linter.DirectoryDependency (1.2s)
✔ [11/68] Built ImportGraph.Lean.Environment (937ms)
✔ [12/68] Built Batteries.Lean.Syntax (653ms)
✔ [13/68] Built ImportGraph.Graph.TransitiveClosure (652ms)
✔ [14/69] Built ImportGraph.Imports.Redundant (694ms)
✔ [15/69] Built Batteries.Util.LibraryNote (1.2s)
✔ [16/76] Built ImportGraph.Tools.ImportDiff (1.0s)
✔ [17/76] Built Batteries.Tactic.Lint.TypeClass (722ms)
✔ [18/77] Built Batteries.Tactic.Lint.Misc (1.3s)
✔ [19/77] Built Batteries.Tactic.OpenPrivate (1.2s)
✔ [20/79] Built Batteries.Tactic.Alias (1.5s)
✔ [21/103] Built ImportGraph.Tools.RedundantImports (888ms)
✔ [22/105] Built ImportGraph.Imports.RequiredModules (1.0s)
✔ [23/105] Built Batteries.Lean.NameMapAttribute (809ms)
✔ [24/105] Built Mathlib.Tactic.Linter.Header (1.6s)
✔ [25/105] Built Batteries.Logic (868ms)
✔ [26/105] Built Batteries.Tactic.Lint.Frontend (1.8s)
✔ [27/105] Built ImportGraph.Tools.MinImports (978ms)
✔ [28/105] Built Batteries.Tactic.Lint.Simp (1.4s)
✔ [29/105] Built Batteries.Util.ExtendedBinder (1.0s)
✔ [30/105] Built ImportGraph.Tools.FindHome (1.1s)
✔ [31/105] Built Mathlib.Tactic.TypeStar (965ms)
✔ [32/105] Built Batteries.Tactic.HelpCmd (2.4s)
✔ [33/105] Built Mathlib.Util.CodeActions.BinderPlicity (988ms)
✔ [34/105] Built Mathlib.Tactic.MinImports (1.4s)
✔ [35/105] Built Mathlib.Util.ParseCommand (982ms)
✔ [36/105] Built Mathlib.Lean.Elab.Tactic.Meta (1.1s)
✔ [37/105] Built Batteries.Tactic.Trans (2.6s)
✔ [38/105] Built Mathlib.Tactic.DeclarationNames (895ms)
✔ [39/105] Built Mathlib.Tactic.Linter.TacticDocumentation (790ms)
✔ [40/105] Built Mathlib.Tactic.Linter.PrivateModule (875ms)
✔ [41/105] Built Mathlib.Tactic.Linter.UnusedTacticExtension (985ms)
✔ [42/105] Built Mathlib.Tactic.Linter.Whitespace (1.5s)
✔ [43/105] Built Mathlib.Lean.Environment (969ms)
✔ [44/105] Built Mathlib.Tactic.Linter.OldObtain (960ms)
✔ [45/105] Built Mathlib.Tactic.Linter.Multigoal (1.1s)
✔ [46/105] Built Mathlib.Lean.Expr.Basic (1.4s)
✔ [47/105] Built Batteries.Util.ProofWanted (3.6s)
✔ [48/105] Built Mathlib.Tactic.Linter.InternalConstructor (1.1s)
✔ [49/105] Built Mathlib.Tactic.Linter.GlobalAttributeIn (940ms)
✔ [50/105] Built Mathlib.Tactic.Linter.HaveILetI (1.2s)
✔ [51/109] Built Mathlib.Tactic.Linter.HashCommandLinter (1.3s)
✔ [52/113] Built Mathlib.Tactic.Linter.EmptyLine (1.3s)
✔ [53/113] Built Mathlib.Tactic.Lemma (853ms)
✔ [54/113] Built Mathlib.Tactic.Linter.AuxLemma (955ms)
✔ [55/113] Built Mathlib.Tactic.Linter.DocString (1.3s)
✔ [56/113] Built Mathlib.Tactic.Linter.FlexibleLinter (2.2s)
✔ [57/114] Built Mathlib.Lean.Linter (931ms)
✔ [58/114] Built Mathlib.Tactic.Linter.DeprecatedSyntaxLinter (1.4s)
✔ [59/114] Built Mathlib.Tactic.Linter.DocPrime (1.5s)
✔ [60/114] Built Batteries.Tactic.Lint (893ms)
✔ [61/114] Built Mathlib.Tactic.AdaptationNote (1.1s)
✔ [62/114] Built ImportGraph.Tools (872ms)
✔ [63/131] Built Mathlib.Util.CodeActions (719ms)
✔ [64/156] Built Mathlib.Lean.ContextInfo (974ms)
✔ [65/159] Built Mathlib.Tactic.ExtractGoal (1.2s)
✔ [67/162] Built Mathlib.Lean.Elab.InfoTree (938ms)
✔ [68/162] Built Mathlib.Tactic.Linter.UnusedTactic (1.3s)
✔ [69/162] Built Mathlib.Tactic.Linter.Lint (1.2s)
✔ [70/163] Built Batteries.Lean.Expr (1.1s)
✔ [71/168] Built Batteries.Linter.UnreachableTactic (1.1s)
✔ [72/168] Built Aesop.Script.Tactic (692ms)
✔ [73/171] Built Mathlib.Tactic.Linter.Style (2.0s)
✔ [74/171] Built Batteries.Tactic.Init (1.5s)
✔ [75/171] Built Batteries.Lean.Meta.Basic (797ms)
✔ [76/177] Built Batteries.Tactic.Congr (1.4s)
✔ [77/177] Built Aesop.Script.GoalWithMVars (727ms)
✔ [78/180] Built Mathlib.Tactic.TacticAnalysis (1.7s)
✔ [79/180] Built Aesop.Nanos (711ms)
✔ [80/181] Built Aesop.Index.DiscrTreeConfig (714ms)
✔ [81/182] Built Mathlib.Tactic.Linter.UnusedInstancesInType (1.5s)
✔ [82/182] Built Batteries.Tactic.PermuteGoals (1.0s)
✔ [83/182] Built Batteries.Lean.MonadBacktrack (694ms)
✔ [84/183] Built Batteries.Data.Array.Merge (1.3s)
✔ [85/187] Built Aesop.Script.TacticState (909ms)
✔ [86/187] Built Aesop.Check (897ms)
✔ [87/196] Built Aesop.Rule.Name (1.0s)
✔ [88/196] Built Aesop.Options.Public (843ms)
✔ [89/196] Built Aesop.Script.OptimizeSyntax (736ms)
✔ [90/197] Built Batteries.Lean.Meta.SavedState (829ms)
✔ [91/198] Built Aesop.Util.UnorderedArraySet (646ms)
✔ [92/203] Built Aesop.Forward.LevelIndex (733ms)
✔ [93/203] Built Aesop.Forward.PremiseIndex (637ms)
✔ [94/216] Built Aesop.Options.Internal (558ms)
✔ [95/216] Built Aesop.Percent (647ms)
✔ [96/221] Built Aesop.Forward.SlotIndex (756ms)
✔ [97/225] Built Aesop.Util.EqualUpToIds (2.4s)
✔ [98/225] Built Aesop.Util.UnionFind (661ms)
✔ [99/225] Built Batteries.Lean.TagAttribute (644ms)
✔ [100/230] Built Mathlib.Tactic.Linter.OverlappingInstances (1.9s)
✔ [101/240] Built Batteries.Tactic.SeqFocus (1.0s)
✔ [102/240] Built Aesop.RuleTac.RuleTerm (923ms)
✔ [103/240] Built Aesop.ElabM (814ms)
✔ [104/240] Built Aesop.Util.Tactic (700ms)
✔ [105/240] Built Batteries.Lean.AttributeExtra (803ms)
✔ [106/240] Built Batteries.Lean.Meta.UnusedNames (680ms)
✔ [107/243] Built Aesop.Util.Unfold (1.1s)
✔ [108/247] Built Mathlib.Tactic.TacticAnalysis.Declarations (3.0s)
✔ [109/247] Built Aesop.Util.Basic (2.1s)
✔ [110/247] Built Aesop.Constants (838ms)
✔ [111/247] Built Aesop.Util.OrderedHashSet (803ms)
✔ [112/247] Built Batteries.Lean.Meta.Expr (617ms)
✔ [113/247] Built Batteries.Lean.PersistentHashMap (1.0s)
✔ [114/250] Built Aesop.RuleTac.ElabRuleTerm (1.2s)
✔ [115/250] Built Batteries.Lean.Meta.InstantiateMVars (914ms)
✔ [116/250] Built Batteries.Lean.PersistentHashSet (914ms)
✔ [117/250] Built Aesop.RuleSet.Name (596ms)
✔ [118/251] Built Batteries.Linter.UnnecessarySeqFocus (1.3s)
✔ [119/251] Built Aesop.Util.Tactic.Unfold (1000ms)
✔ [120/265] Built Aesop.RuleTac.Forward.Basic (1.1s)
✔ [121/265] Built Aesop.EMap (1.1s)
✔ [122/271] Built Aesop.Script.CtorNames (909ms)
✔ [123/276] Built Mathlib.Init (1.4s)
✔ [124/276] Built Aesop.Script.Util (825ms)
✔ [125/276] Built Batteries.Lean.Meta.DiscrTree (619ms)
✔ [126/276] Built Aesop.Forward.Substitution (1.3s)
✔ [127/276] Built Batteries.Linter (730ms)
✔ [128/276] Built Batteries.Lean.HashSet (728ms)
✔ [129/276] Built Aesop.RuleSet.Filter (1.1s)
✔ [130/276] Built Aesop.Tracing (1.4s)
✔ [131/276] Built Aesop.Search.Expansion.Simp (920ms)
✔ [132/276] Built Aesop.Exception (811ms)
✔ [133/276] Built Mathlib.Util.WithWeakNamespace (1.1s)
✔ [134/276] Built Mathlib.Control.Combinators (1.1s)
✔ [135/276] Built Mathlib.Lean.Elab.Term (1.1s)
✔ [136/276] Built Mathlib.Tactic.Spread (1.3s)
✔ [137/276] Built Mathlib.Data.Option.Defs (1.1s)
✔ [138/276] Built Mathlib.Tactic.Inhabit (1.2s)
✔ [139/276] Built Mathlib.Basic.Nonempty (1.2s)
✔ [140/276] Built Mathlib.Tactic.Use (1.8s)
✔ [141/276] Built Mathlib.Basic.IsEmpty.Defs (1.2s)
✔ [142/276] Built Mathlib.Tactic.ExtendDoc (1.3s)
✔ [143/276] Built Mathlib.Basic.ExistsUnique (1.7s)
✔ [144/276] Built Mathlib.Tactic.OfNat (1.3s)
✔ [145/276] Built Mathlib.Tactic.Attr.Register (1.0s)
✔ [146/276] Built Mathlib.Data.Int.Notation (1.2s)
✔ [147/276] Built Mathlib.Lean.PrettyPrinter.Delaborator (1.7s)
✔ [148/276] Built Mathlib.Data.Nat.Notation (1.1s)
✔ [149/276] Built Mathlib.Data.Nat.BinaryRec (1.3s)
✔ [150/276] Built Mathlib.Tactic.Push.Attr (1.7s)
✔ [151/276] Built Mathlib.Tactic.CrossRefAttribute (2.4s)
✔ [152/276] Built Mathlib.Tactic.Simps.NotationClass (1.5s)
✔ [153/279] Built Mathlib.Lean.Meta (1.4s)
✔ [154/279] Built Mathlib.Lean.Name (1.5s)
✔ [155/280] Built Mathlib.Data.String.Defs (1.1s)
✔ [156/280] Built Mathlib.Tactic.Eqns (1.1s)
✔ [157/280] Built Mathlib.Tactic.Translate.Attributes (1.2s)
✔ [158/280] Built Mathlib.Util.AddRelatedDecl (2.1s)
✔ [159/280] Built Aesop.RulePattern.Cache (706ms)
✔ [160/280] Built Mathlib.Tactic.Translate.UnfoldBoundary (2.4s)
✔ [161/280] Built Batteries.Tactic.Basic (1.1s)
✔ [162/280] Built Mathlib.Lean.Meta.Simp (1.6s)
✔ [163/280] Built Mathlib.Tactic.SimpRw (1.6s)
✔ [164/280] Built Aesop.Index.Basic (944ms)
✔ [165/282] Built Mathlib.Tactic.Core (1.7s)
✔ [166/282] Built Aesop.Util.Tactic.Ext (1.1s)
✔ [167/282] Built Batteries.Control.ForInStep.Basic (482ms)
✔ [168/282] Built Mathlib.Tactic.Translate.Reorder (3.2s)
✔ [169/282] Built Aesop.Script.Step (1.3s)
✔ [170/282] Built Aesop.Stats.Basic (1.7s)
✔ [171/282] Built Mathlib.Basic.Nontrivial.Defs (1.3s)
✔ [172/282] Built Mathlib.Logic.Function.Defs (1.6s)
✔ [173/284] Built Batteries.Classes.Order (1.3s)
✔ [174/284] Built Mathlib.Tactic.Translate.GuessName (1.7s)
✔ [175/284] Built Aesop.Script.SScript (1.0s)
✔ [176/286] Built Aesop.Script.UScript (1.0s)
✔ [177/286] Built Aesop.BaseM (877ms)
✔ [178/286] Built Mathlib.Tactic.MkIffOfInductiveProp (2.6s)
✔ [179/289] Built Mathlib.Tactic.SplitIfs (2.1s)
✔ [180/289] Built Mathlib.Tactic.ScopedNS (3.1s)
✔ [181/289] Built Mathlib.Basic.Logic.Basic (2.8s)
✔ [182/289] Built Mathlib.Logic.Relator (1.7s)
✔ [183/289] Built Batteries.Data.UInt (1.6s)
✔ [184/293] Built Aesop.Script.Check (1.1s)
✔ [185/294] Built Aesop.Script.ScriptM (981ms)
✔ [186/296] Built Aesop.Script.UScriptToSScript (1.6s)
✔ [187/296] Built Aesop.Stats.Extension (979ms)
✔ [188/296] Built Mathlib.Tactic.SetNotationForOrder (2.9s)
✔ [189/296] Built Aesop.RuleTac.GoalDiff (1.6s)
✔ [190/297] Built Aesop.RulePattern (2.0s)
✔ [191/297] Built Mathlib.Tactic.Simps.Basic (5.5s)
✔ [192/300] Built Aesop.Stats.File (1.1s)
✔ [193/300] Built Aesop.Script.StructureStatic (1.1s)
✔ [194/300] Built Aesop.RuleTac.Basic (1.0s)
✔ [195/300] Built Aesop.Frontend.Basic (563ms)
✔ [196/303] Built Aesop.Script.SpecificTactics (2.8s)
✔ [197/303] Built Aesop.Script.StructureDynamic (2.0s)
✔ [198/303] Built Aesop.Index.RulePattern (1.3s)
✔ [199/303] Built Mathlib.Tactic.Simps (1.3s)
✔ [200/318] Built Aesop.Search.Expansion.Basic (825ms)
✔ [201/318] Built Aesop.Stats.Report (1.1s)
✔ [202/319] Built Batteries.Data.Array.Basic (3.9s)
✔ [203/321] Built Batteries.Data.BinomialHeap.Basic (6.0s)
✔ [205/321] Built Aesop.RuleTac.Apply (1.1s)
✔ [206/321] Built Aesop.RuleTac.Tactic (1.2s)
✔ [207/330] Built Aesop.RuleTac.Cases (1.2s)
✔ [208/330] Built Aesop.RuleTac.Preprocess (1.1s)
✔ [209/338] Built Aesop.Script.Main (1.1s)
✔ [210/340] Built Mathlib.Data.Ordering.Basic (1.1s)
✔ [211/340] Built Qq.ForLean.ReduceEval (681ms)
✔ [212/342] Built Qq.ForLean.ToExpr (767ms)
✔ [213/342] Built Qq.Typ (764ms)
✔ [214/342] Built Aesop.Forward.RuleInfo (1.4s)
✔ [215/342] Built Qq.SortLocalDecls (900ms)
✔ [216/348] Built Qq.ForLean.Do (1.0s)
✔ [217/348] Built Batteries.Lean.Except (791ms)
✔ [218/352] Built Batteries.Tactic.Exact (883ms)
✔ [219/356] Built Mathlib.Tactic.Relation.Rfl (1.4s)
✔ [220/358] Built Aesop.Rule.Forward (989ms)
✔ [221/358] Built Mathlib.Tactic.GCongr.ForwardAttr (1.2s)
✔ [222/358] Built Batteries.Control.Lemmas (758ms)
✔ [223/364] Built Batteries.Control.LawfulMonadState (1.2s)
✔ [224/364] Built Mathlib.Lean.Meta.CongrTheorems (2.4s)
✔ [225/364] Built Aesop.Forward.Match.Types (847ms)
✔ [226/365] Built Mathlib.Logic.Function.ULift (1.1s)
✔ [227/366] Built Mathlib.Util.Notation3 (7.8s)
✔ [228/366] Built Mathlib.Tactic.PPWithUniv (1.7s)
✔ [229/366] Built Batteries.Control.OptionT (692ms)
✔ [230/366] Built Mathlib.Tactic.Translate.Core (9.5s)
✔ [231/366] Built Mathlib.Tactic.FastInstance (1.9s)
✔ [232/371] Built Mathlib.Util.AtLocation (1.4s)
✔ [233/372] Built Aesop.RuleTac.Descr (961ms)
✔ [234/372] Built Mathlib.Tactic.Conv (1.0s)
✔ [235/377] Built Aesop.Index.Forward (1.1s)
✔ [236/379] Built Batteries.Control.AlternativeMonad (1.0s)
✔ [237/379] Built Batteries.Data.Nat.Basic (818ms)
✔ [238/381] Built Mathlib.Tactic.Basic (1.7s)
✔ [239/382] Built Aesop.Rule.Basic (1.0s)
✔ [240/384] Built Mathlib.Tactic.Translate.TagUnfoldBoundary (1.8s)
✔ [241/384] Built Mathlib.Tactic.Translate.ToAdditive (1.7s)
✔ [242/384] Built Mathlib.Tactic.Coe (1.3s)
✔ [243/391] Built Mathlib.Tactic.ToExpr (1.5s)
✔ [244/396] Built Batteries.Data.MLList.Basic (1.4s)
✔ [245/398] Built Mathlib.Tactic.CongrExclamation (3.2s)
✔ [246/398] Built Batteries.Data.Nat.Lemmas (1.3s)
✔ [247/398] Built Aesop.Rule (1.1s)
✔ [248/398] Built Aesop.Index (1.6s)
✔ [249/398] Built Qq.Macro (5.5s)
✔ [250/398] Built Mathlib.Tactic.ToAdditive (1.2s)
✔ [251/398] Built Batteries.Control.Nondet.Basic (1.1s)
✔ [252/398] Built Mathlib.Tactic.Push (3.2s)
✔ [253/398] Built Mathlib.Tactic.Translate.ToDual (1.9s)
✔ [254/398] Built Aesop.Tree.UnsafeQueue (857ms)
✔ [255/398] Built Aesop.RuleSet.Member (987ms)
✔ [256/398] Built Mathlib.Tactic.Lift (1.8s)
✔ [257/398] Built Mathlib.Tactic.FBinop (2.3s)
✔ [258/398] Built Aesop.Forward.Match (2.3s)
✔ [259/398] Built Mathlib.Data.Nat.Init (2.4s)
✔ [260/398] Built Mathlib.Algebra.Regular.Defs (1.4s)
✔ [261/398] Built Qq.Commands (1.7s)
✔ [262/402] Built Qq.Delab (1.7s)
✔ [263/402] Built Mathlib.Algebra.Notation.Defs (1.6s)
✔ [264/402] Built Mathlib.Tactic.Hint (1.8s)
✔ [265/402] Built Mathlib.Tactic.ByContra (1.6s)
✔ [266/405] Built Mathlib.Tactic.Contrapose (1.7s)
✔ [267/405] Built Mathlib.Tactic.ByCases (1.3s)
✔ [268/405] Built Aesop.Builder.Basic (1.0s)
✔ [269/405] Built Mathlib.Tactic.Convert (2.9s)
✔ [270/405] Built Mathlib.Tactic.ToDual (1.4s)
✔ [271/405] Built Mathlib.Data.SProd (1.3s)
✔ [272/405] Built Aesop.Tree.Data.ForwardRuleMatches (1.3s)
✔ [273/405] Built Qq.MetaM (1.1s)
✔ [274/405] Built Aesop.Builder.Apply (859ms)
✔ [275/405] Built Aesop.Builder.Unfold (1.2s)
✔ [276/405] Built Aesop.RuleTac.Forward (2.1s)
✔ [277/407] Built Aesop.Builder.Tactic (993ms)
✔ [278/407] Built Mathlib.Algebra.Group.Semigroup (2.2s)
✔ [279/407] Built Mathlib.Algebra.Notation.Pi.Defs (2.1s)
✔ [280/407] Built Aesop.Builder.NormSimp (1.1s)
✔ [281/407] Built Mathlib.Tactic.CasesM (1.0s)
✔ [282/407] Built Aesop.Builder.Constructors (1.1s)
✔ [283/407] Built Aesop.Builder.Cases (1.1s)
✔ [284/407] Built Aesop.Builder.Forward (2.0s)
✔ [285/407] Built Mathlib.Order.Defs.Prop (1.1s)
✔ [286/408] Built Qq.MatchImpl (1.1s)
✔ [287/417] Built Mathlib.Order.Defs.PartialOrder (1.8s)
✔ [288/417] Built Qq.Simp (983ms)
✔ [289/423] Built Mathlib.Data.Set.Defs (1.9s)
✔ [290/423] Built Aesop.RuleTac (978ms)
✔ [291/423] Built Qq.AssertInstancesCommute (1.4s)
✔ [292/425] Built Aesop.Builder.Default (695ms)
✔ [293/434] Built Mathlib.Data.Set.CoeSort (1.3s)
✔ [294/434] Built Mathlib.Util.CompileInductive (1.7s)
✔ [295/434] Built Mathlib.Order.Defs.LinearOrder (1.9s)
✔ [296/434] Built Aesop.RuleSet (3.3s)
✔ [297/434] Built Aesop.Forward.State (6.1s)
✔ [298/434] Built Mathlib.Algebra.Group.Monoid (3.5s)
✔ [299/434] Built Mathlib.Order.Defs.Unbundled (2.4s)
✔ [300/434] Built Mathlib.Tactic.Attr.Core (1.2s)
✔ [301/435] Built Aesop.Frontend.Extension.Init (986ms)
✔ [302/435] Built Mathlib.Data.Int.Order.Basic (1.5s)
✔ [303/435] Built Mathlib.Tactic.Subsingleton (1.8s)
✔ [304/435] Built Aesop.Frontend.RuleExpr (3.0s)
✔ [305/435] Built Aesop.Forward.State.ApplyGoalDiff (1.0s)
✔ [306/438] Built Mathlib.Data.Bool.Basic (1.8s)
✔ [307/442] Built Aesop.Forward.State.Initial (1.1s)
✔ [308/444] Built Aesop.Tree.Data (2.1s)
✔ [309/446] Built Aesop.Frontend.Extension (1.3s)
✔ [310/446] Built Qq.Match (5.3s)
✔ [311/448] Built Mathlib.Tactic.DepRewrite (5.2s)
✔ [312/448] Built Mathlib.Algebra.NeZero (2.0s)
✔ [313/448] Built Mathlib.Logic.Function.Basic (2.9s)
✔ [314/448] Built Aesop.Tree.RunMetaM (1.2s)
✔ [315/448] Built Mathlib.Algebra.Group.DivInvMonoid (3.1s)
✔ [316/448] Built Mathlib.Logic.Relation (3.2s)
✔ [317/448] Built Aesop.Search.Queue.Class (836ms)
✔ [318/448] Built Aesop.Tree.TreeM (1.9s)
✔ [319/448] Built Aesop.Tree.Traversal (1.5s)
✔ [320/448] Built Qq (690ms)
✔ [321/448] Built Aesop.Frontend.Tactic (1.4s)
✔ [322/448] Built Aesop.Frontend.Attribute (1.1s)
✔ [323/448] Built Aesop.Frontend.Command (1.8s)
✔ [324/448] Built Mathlib.Data.Sigma.Basic (1.8s)
✔ [325/448] Built Mathlib.Algebra.Notation.Pi.Basic (2.2s)
✔ [326/448] Built Mathlib.Basic.IsEmpty.Basic (1.6s)
✔ [327/448] Built Mathlib.Logic.Pairwise (1.7s)
✔ [328/448] Built Mathlib.Tactic.Choose (2.3s)
✔ [329/448] Built Mathlib.Data.Int.Init (2.5s)
✔ [330/448] Built Mathlib.Basic.Unique (1.9s)
✔ [331/448] Built Mathlib.Tactic.GCongr.Core (5.8s)
✔ [332/448] Built Aesop.Saturate (5.6s)
✔ [333/448] Built Mathlib.Logic.Function.Conjugate (1.5s)
✔ [334/448] Built Mathlib.Data.Subtype (1.5s)
✔ [335/448] Built Mathlib.Data.Sum.Basic (2.2s)
✔ [336/448] Built Aesop.Forward.State.UpdateGoal (987ms)
✔ [337/448] Built Aesop.Tree.Free (1.2s)
✔ [338/448] Built Aesop.Tree.Tracing (1.9s)
✔ [339/448] Built Mathlib.Algebra.Group.Defs (2.0s)
✔ [340/448] Built Aesop.Tree.ExtractProof (1.7s)
✔ [341/448] Built Mathlib.Algebra.GroupWithZero.Defs (2.1s)
✔ [342/448] Built Aesop.Search.SearchM (1.2s)
✔ [343/448] Built Aesop.Tree.ExtractScript (2.2s)
✔ [344/448] Built Aesop.Search.Queue (1.5s)
✔ [345/448] Built Aesop.Tree.State (1.1s)
✔ [346/448] Built Aesop.Tree.Stats (1.3s)
✔ [347/448] Built Aesop.BuiltinRules.Rfl (900ms)
✔ [348/448] Built Aesop.BuiltinRules.Subst (1.2s)
✔ [349/448] Built Aesop.BuiltinRules.Split (1.3s)
✔ [350/448] Built Aesop.Tree.AddRapp (2.3s)
✔ [351/448] Built Aesop.BuiltinRules.Intros (1.1s)
✔ [352/448] Built Aesop.BuiltinRules.Ext (1.0s)
✔ [353/448] Built Aesop.BuiltinRules.DestructProducts (1.3s)
✔ [354/448] Built Mathlib.Tactic.Simproc.ExistsAndEq (2.1s)
✔ [355/448] Built Mathlib.Tactic.Tauto (2.4s)
✔ [356/448] Built Mathlib.Order.Notation (2.3s)
✔ [357/448] Built Aesop.BuiltinRules.Assumption (1.3s)
✔ [358/448] Built Aesop.BuiltinRules.ApplyHyps (1.4s)
✔ [359/449] Built Mathlib.Data.FunLike.Basic (1.3s)
✔ [360/449] Built Mathlib.Tactic.GCongr (1.2s)
✔ [361/449] Built Aesop.Frontend.Saturate (1.6s)
✔ [362/449] Built Mathlib.Data.Quot (2.3s)
✔ [363/449] Built Aesop.Search.RuleSelection (1.1s)
✔ [364/449] Built Mathlib.Logic.Function.Iterate (1.9s)
✔ [365/449] Built Mathlib.Algebra.GroupWithZero.NeZero (1.6s)
✔ [366/452] Built Mathlib.Algebra.Group.Semiconj.Defs (1.9s)
✔ [367/452] Built Mathlib.Algebra.GroupWithZero.Regular (1.8s)
✔ [368/452] Built Aesop.Tree.Check (1.6s)
✔ [369/452] Built Aesop.BuiltinRules (1.1s)
✔ [370/455] Built Aesop.Frontend (1.0s)
✔ [371/457] Built Mathlib.Data.FunLike.Embedding (1.3s)
✔ [372/457] Built Mathlib.Algebra.Group.Pi.Basic (3.1s)
✔ [373/464] Built Mathlib.Data.Nat.Basic (1.6s)
✔ [374/466] Built Mathlib.Data.Prod.Basic (1.9s)
✔ [375/466] Built Mathlib.Tactic.Finiteness.Attr (1.4s)
✔ [376/466] Built Mathlib.Logic.OpClass (1.4s)
✔ [377/467] Built Mathlib.Algebra.Group.Commute.Defs (1.9s)
✔ [378/475] Built Mathlib.Data.FunLike.Equiv (1.5s)
✔ [379/475] Built Mathlib.Tactic.GRewrite.Core (5.2s)
✔ [380/475] Built Aesop.Search.Expansion.Norm (3.3s)
✔ [381/480] Built Mathlib.Basic.Nontrivial.Basic (1.5s)
✔ [382/480] Built Mathlib.Data.Prod.PProd (1.3s)
✔ [383/481] Built Mathlib.Algebra.Notation.Prod (1.8s)
✔ [384/485] Built Mathlib.Tactic.Monotonicity.Attr (1.4s)
✔ [385/485] Built Mathlib.Order.Basic (5.1s)
✔ [386/485] Built Mathlib.Algebra.Group.InjSurj (3.7s)
✔ [387/490] Built Mathlib.Algebra.Group.IsCommutative (1.5s)
✔ [388/491] Built Mathlib.Tactic.GRewrite.Elab (2.4s)
✔ [389/494] Built Mathlib.Data.Nat.Cast.Defs (1.8s)
✔ [390/497] Built Mathlib.Tactic.Nontriviality.Core (2.2s)
✔ [391/498] Built Mathlib.Algebra.Order.ZeroLEOne (1.8s)
✔ [392/499] Built Aesop.Search.Expansion (2.8s)
✔ [393/501] Built Mathlib.Algebra.Group.Units.Defs (4.4s)
✔ [394/502] Built Mathlib.Order.ULift (1.9s)
✔ [395/502] Built Mathlib.Tactic.Bound.Init (1.4s)
✔ [397/508] Built Mathlib.Tactic.GRewrite (1.4s)
✔ [398/508] Built Mathlib.Algebra.Group.Hom.Defs (6.9s)
✔ [399/511] Built Mathlib.Tactic.Nontriviality (1.3s)
✔ [400/511] Built Mathlib.Data.Int.Cast.Defs (1.4s)
✔ [401/511] Built Mathlib.Logic.Equiv.Defs (4.8s)
✔ [402/513] Built Mathlib.Algebra.Group.Int.Defs (1.2s)
✔ [403/513] Built Plausible.Random (794ms)
✔ [404/515] Built Aesop.Search.ExpandSafePrefix (1.4s)
✔ [405/515] Built Mathlib.Algebra.Group.Nat.Defs (1.1s)
✔ [406/515] Built Plausible.Shrinkable (775ms)
✔ [407/515] Built Plausible.Attr (660ms)
✔ [408/516] Built Mathlib.Data.Nat.Sqrt (1.5s)
✔ [409/516] Built Mathlib.Algebra.CharZero.Defs (1.3s)
✔ [410/517] Built Plausible.Gen (1.1s)
✔ [411/517] Built Mathlib.Control.EquivFunctor (1.5s)
✔ [412/517] Built Mathlib.Order.Lex (1.8s)
✔ [413/518] Built Mathlib.Algebra.Opposites (2.5s)
✔ [414/520] Built Mathlib.Order.OrderDual (2.6s)
✔ [415/520] Built Plausible.Arbitrary (1.2s)
✔ [416/520] Built Plausible.DeriveShrinkable (2.4s)
✔ [417/520] Built Mathlib.Algebra.Ring.Defs (3.9s)
✔ [418/520] Built Batteries.Tactic.Case (2.2s)
✔ [419/520] Built Batteries.CodeAction.Attr (1.1s)
✔ [420/520] Built Aesop.Search.Main (3.5s)
✔ [421/520] Built Mathlib.Algebra.Group.Equiv.Defs (4.4s)
✔ [422/521] Built Plausible.ArbitraryFueled (559ms)
✔ [423/524] Built Mathlib.Order.Compare (1.9s)
✔ [424/524] Built Plausible.Sampleable (1.4s)
✔ [425/524] Built Batteries.Tactic.GeneralizeProofs (4.1s)
✔ [427/524] Built Mathlib.Order.Max (2.6s)
✔ [428/524] Built Mathlib.Order.RelClasses (2.9s)
✔ [429/525] Built Batteries.CodeAction.Basic (2.0s)
✔ [430/526] Built Mathlib.Algebra.Group.Action.Defs (4.2s)
✔ [431/526] Built Plausible.Functions (1.0s)
✔ [432/529] Built Aesop.Main (1.8s)
✔ [433/529] Built Batteries.CodeAction.Misc (2.9s)
✔ [434/529] Built Mathlib.Algebra.Order.Group.Synonym (4.6s)
✔ [435/531] Built LeanSearchClient.Basic (760ms)
✔ [436/532] Built Plausible.DeriveArbitrary (2.3s)
✔ [437/533] Built Aesop (1.0s)
✔ [438/534] Built Plausible.Testable (2.3s)
✔ [439/534] Built Mathlib.Algebra.Group.Action.Faithful (1.8s)
✔ [440/534] Built Mathlib.Tactic.ApplyCongr (1.4s)
✔ [441/534] Built Mathlib.Lean.Meta.Basic (1.5s)
✔ [442/535] Built Mathlib.Tactic.ApplyWith (1.7s)
✔ [443/535] Built Mathlib.Order.BoundedOrder.Basic (3.5s)
✔ [444/535] Built Mathlib.Data.Set.Operations (2.8s)
✔ [445/535] Built Batteries.Data.List.Basic (4.2s)
✔ [446/536] Built LeanSearchClient.Syntax (2.8s)
✔ [447/536] Built Mathlib.Data.Option.Basic (2.1s)
✔ [448/536] Built Mathlib.Tactic.Bound.Attribute (2.6s)
✔ [449/536] Built Mathlib.Tactic.Check (2.2s)
✔ [450/536] Built Plausible.Tactic (1.6s)
✔ [451/536] Built Mathlib.Tactic.ClearExcept (1.6s)
✔ [452/546] Built Mathlib.Tactic.ApplyAt (1.7s)
✔ [460/552] Built Mathlib.Tactic.ClearExclamation (1.9s)
✔ [461/554] Built Batteries.CodeAction.Match (1.9s)
✔ [462/557] Built Plausible (1.1s)
✔ [463/557] Built ProofWidgets.Compat (937ms)
✔ [464/557] Built Mathlib.Tactic.Clear_ (1.8s)
✔ [465/560] Built ProofWidgets.Util (1.1s)
✔ [466/560] Built LeanSearchClient.LoogleSyntax (2.0s)
✔ [467/563] Built Mathlib.Order.Monotone.Defs (3.1s)
✔ [468/563] Built Batteries.CodeAction (1.5s)
✔ [469/570] Built Mathlib.Logic.Equiv.Option (2.8s)
✔ [470/570] Built Mathlib.Tactic.NthRewrite (1.9s)
✔ [471/570] Built LeanSearchClient (1.3s)
✔ [472/570] Built ProofWidgets.Component.Basic (1.7s)
✔ [473/570] Built Mathlib.Control.Basic (2.1s)
✔ [474/570] Built Mathlib.Lean.FoldEnvironment (1.9s)
✔ [475/573] Built Mathlib.Lean.Meta.KAbstractPositions (1.5s)
✔ [476/576] Built Mathlib.Lean.GoalsLocation (1.4s)
✔ [477/576] Built Mathlib.Logic.Equiv.Prod (15s)
✔ [478/576] Built ProofWidgets.Component.MakeEditLink (1.4s)
✔ [479/576] Built ProofWidgets.Component.Panel.Basic (1.5s)
✔ [480/580] Built Mathlib.Lean.Meta.RefinedDiscrTree.Basic (2.2s)
✔ [481/580] Built Mathlib.Algebra.Group.Basic (8.3s)
✔ [482/581] Built Mathlib.Order.GaloisConnection.Defs (3.2s)
✔ [483/581] Built ProofWidgets.Cancellable (1.7s)
✔ [484/582] Built Mathlib.Lean.MessageData.Trace (1.3s)
✔ [485/582] Built Mathlib.Tactic.Constructor (1.7s)
✔ [486/582] Built Mathlib.Order.Monotone.Basic (3.9s)
✔ [487/582] Built ProofWidgets.Data.Html (3.0s)
✔ [488/582] Built Mathlib.Tactic.DefEqTransformations (2.6s)
✔ [489/583] Built Mathlib.Lean.Meta.RefinedDiscrTree.Encode (1.0s)
✔ [490/583] Built Mathlib.Lean.Meta.RefinedDiscrTree.Initialize (2.2s)
✔ [491/584] Built Mathlib.Logic.Equiv.Sum (3.1s)
✔ [492/584] Built Mathlib.Data.Int.Cast.Basic (2.1s)
✔ [493/584] Built Mathlib.Tactic.DeprecateTo (2.5s)
✔ [494/584] Built Mathlib.Algebra.Group.SelfInv (2.3s)
✔ [495/584] Built Mathlib.Tactic.TermCongr (4.2s)
✔ [496/584] Built Mathlib.Tactic.DSimpPercent (1.5s)
✔ [497/584] Built Mathlib.Algebra.Order.Monoid.Unbundled.Defs (2.9s)
✔ [498/584] Built Mathlib.Tactic.ErwQuestion (1.9s)
✔ [499/584] Built ProofWidgets.Component.FilterDetails (1.2s)
✔ [500/586] Built ProofWidgets.Component.RefreshComponent (1.7s)
✔ [501/586] Built ProofWidgets.Component.OfRpcMethod (1.5s)
✔ [502/586] Built Mathlib.Tactic.DefEqAbuse (2.6s)
✔ [503/586] Built Mathlib.Tactic.ExistsI (1.3s)
✔ [504/586] Built Mathlib.Algebra.Group.Units.Basic (3.6s)
✔ [505/586] Built Mathlib.Lean.Meta.RefinedDiscrTree.Lookup (2.2s)
✔ [506/586] Built Mathlib.Algebra.Group.Hom.Basic (3.0s)
✔ [507/586] Built Mathlib.Tactic.FailIfNoProgress (2.1s)
✔ [508/586] Built Mathlib.Tactic.CongrM (1.6s)
✔ [509/586] Built Mathlib.Algebra.Ring.GrindInstances (2.4s)
✔ [510/586] Built Batteries.Util.Cache (1.3s)
✔ [511/587] Built Mathlib.Algebra.GroupWithZero.Basic (2.8s)
✔ [512/587] Built Mathlib.Algebra.Order.Monoid.Unbundled.OrderDual (2.4s)
✔ [513/587] Built Mathlib.Algebra.Group.Torsion (2.7s)
✔ [514/587] Built Mathlib.Lean.Meta.RefinedDiscrTree (1.7s)
✔ [515/590] Built Mathlib.Tactic.Find (1.8s)
✔ [516/590] Built Mathlib.Algebra.Group.Semiconj.Units (2.7s)
✔ [517/590] Built Mathlib.Algebra.Order.GroupWithZero.Defs (3.6s)
✔ [518/590] Built Mathlib.Logic.Equiv.Basic (5.4s)
✔ [519/590] Built Mathlib.Tactic.FunProp.Decl (2.2s)
✔ [520/592] Built Mathlib.Order.Lattice (7.3s)
✔ [521/592] Built Mathlib.Algebra.GroupWithZero.Hom (2.9s)
✔ [522/594] Built Mathlib.Tactic.FunProp.Mor (1.7s)
✔ [523/594] Built Mathlib.Tactic.ClickSuggestions.Util (4.8s)
✔ [524/594] Built Mathlib.Algebra.Group.Units.Hom (4.2s)
✔ [525/594] Built Mathlib.Algebra.GroupWithZero.Units.Basic (3.6s)
✔ [526/597] Built Mathlib.Tactic.FunProp.ToBatteries (2.8s)
✔ [527/598] Built Mathlib.Algebra.Group.Opposite (3.9s)
✔ [528/598] Built Mathlib.Algebra.Group.Commute.Units (3.5s)
✔ [529/599] Built Mathlib.Tactic.ClickSuggestions.Unfold (2.0s)
✔ [530/600] Built Mathlib.Order.BoundedOrder.Lattice (2.5s)
✔ [531/600] Built Mathlib.Logic.Embedding.Basic (3.2s)
✔ [532/601] Built Mathlib.Algebra.Group.TypeTags.Basic (4.5s)
✔ [533/601] Built Mathlib.Algebra.Group.Equiv.Basic (4.2s)
✔ [534/601] Built Mathlib.Tactic.ClickSuggestions.SectionState (2.0s)
✔ [535/603] Built Mathlib.Algebra.GroupWithZero.Semiconj (2.2s)
✔ [536/603] Built Mathlib.Order.MinMax (3.3s)
✔ [537/603] Built Mathlib.Tactic.InferParam (1.4s)
✔ [538/603] Built Mathlib.Tactic.GuardGoalNums (1.3s)
✔ [539/603] Built Mathlib.Tactic.GrindAttrs (1.6s)
✔ [540/603] Built Mathlib.Tactic.FunProp.FunctionData (2.1s)
✔ [541/603] Built Mathlib.Tactic.GuardHypNums (1.3s)
✔ [542/603] Built Mathlib.Algebra.Order.IsBotOne (1.0s)
✔ [543/603] Built Mathlib.Tactic.HigherOrder (1.6s)
✔ [544/604] Built Mathlib.Tactic.ClickSuggestions.ApplyAt (2.1s)
✔ [545/604] Built Mathlib.Algebra.Group.Units.Equiv (2.7s)
✔ [546/605] Built Mathlib.Order.Disjoint (3.6s)
✔ [547/605] Built Mathlib.Tactic.ClickSuggestions.Apply (2.4s)
✔ [548/606] Built Mathlib.Util.TermReduce (1.7s)
✔ [549/608] Built Mathlib.Algebra.GroupWithZero.Commute (2.2s)
✔ [550/609] Built Mathlib.Algebra.Group.Equiv.Opposite (3.6s)
✔ [551/609] Built Mathlib.Tactic.ClickSuggestions.Rewrite (2.9s)
✔ [552/609] Built Mathlib.Tactic.ClickSuggestions.GRewrite (3.0s)
✔ [553/609] Built Mathlib.Tactic.FunProp.Types (1.5s)
✔ [554/609] Built Mathlib.Tactic.Linter.HaveLetLinter (1.5s)
✔ [555/610] Built Mathlib.Order.RelIso.Basic (4.8s)
✔ [556/610] Built Mathlib.Order.PropInstances (1.0s)
✔ [557/610] Built Mathlib.Tactic.Linter.PPRoundtrip (1.4s)
✔ [558/611] Built Mathlib.Tactic.Linter.MinImports (1.8s)
✔ [559/611] Built Mathlib.Tactic.Linter.UpstreamableDecl (1.4s)
✔ [560/611] Built Mathlib.Algebra.GroupWithZero.Units.Lemmas (2.1s)
✔ [561/612] Built Mathlib.Tactic.IrreducibleDef (2.5s)
✔ [562/612] Built Mathlib.Tactic.Observe (1.8s)
✔ [563/612] Built Mathlib.Tactic.RSuffices (1.3s)
✔ [564/615] Built Mathlib.Tactic.ClickSuggestions.FindPremises (2.2s)
✔ [565/615] Built Mathlib.Algebra.Group.Even (2.9s)
✔ [566/616] Built Mathlib.Tactic.FunProp.Theorems (2.2s)
✔ [567/616] Built Mathlib.Tactic.Linter (1.1s)
✔ [568/616] Built Mathlib.Tactic.Recover (1.6s)
✔ [569/616] Built Mathlib.Tactic.Rename (1.4s)
✔ [570/616] Built Mathlib.Util.Tactic (1.6s)
✔ [571/618] Built Mathlib.Tactic.Says (2.2s)
✔ [572/619] Built Mathlib.Algebra.Order.Monoid.Unbundled.Basic (6.7s)
✔ [573/619] Built Mathlib.Tactic.FunProp.Attr (1.9s)
✔ [574/620] Built Mathlib.Tactic.ClickSuggestions.TryPremises (3.4s)
✔ [575/620] Built Mathlib.Data.Set.Basic (4.6s)
✔ [576/620] Built Mathlib.Algebra.Group.Nat.Even (2.0s)
✔ [577/620] Built Mathlib.Tactic.Set (2.4s)
✔ [578/620] Built Mathlib.Tactic.RenameBVar (1.7s)
✔ [579/620] Built Mathlib.Lean.Elab.Tactic.Basic (1.6s)
✔ [580/621] Built Mathlib.Algebra.Order.Sub.Defs (2.3s)
✔ [581/621] Built Mathlib.Algebra.Order.Monoid.Unbundled.ExistsOfLE (2.1s)
✔ [582/621] Built Mathlib.Tactic.SimpIntro (1.6s)
✔ [583/621] Built Mathlib.Order.Heyting.Basic (7.8s)
✔ [584/621] Built Mathlib.Algebra.Order.Monoid.NatCast (2.6s)
✔ [585/621] Built Mathlib.Algebra.Order.Monoid.Unbundled.MinMax (2.7s)
✔ [586/622] Built Mathlib.Algebra.Order.Monoid.Defs (2.4s)
✔ [587/622] Built Mathlib.Tactic.FunProp.Core (5.8s)
✔ [588/622] Built Mathlib.Tactic.Substs (1.4s)
✔ [589/623] Built Mathlib.Order.Hom.Basic (8.6s)
✔ [590/624] Built Mathlib.Algebra.Order.Monoid.Unbundled.Pow (3.5s)
✔ [591/624] Built Mathlib.Data.Set.Inclusion (1.7s)
✔ [592/626] Built Mathlib.Tactic.SuccessIfFailWithMsg (1.4s)
✔ [593/627] Built Mathlib.Tactic.ClickSuggestions (2.3s)
✔ [594/628] Built Mathlib.Data.Set.Disjoint (2.0s)
✔ [595/628] Built Mathlib.Tactic.SudoSetOption (1.4s)
✔ [596/628] Built Mathlib.Tactic.Setm (2.1s)
✔ [597/632] Built Mathlib.Tactic.SwapVar (1.3s)
✔ [598/634] Built Mathlib.Order.BooleanAlgebra.Defs (2.1s)
✔ [599/635] Built Mathlib.Tactic.FunProp.Elab (1.0s)
✔ [600/636] Built Mathlib.Tactic.ToFun (1.5s)
✔ [601/637] Built Mathlib.Tactic.ToLevel (1.4s)
✔ [602/637] Built Mathlib.Tactic.Trace (1.3s)
✔ [603/637] Built Mathlib.Tactic.UnsetOption (1.2s)
✔ [604/642] Built Mathlib.Tactic.Widget.SelectInsertParamsClass (1.3s)
✔ [605/642] Built Mathlib.Tactic.FunProp (1.3s)
✔ [606/646] Built Mathlib.Tactic.WLOG (1.7s)
✔ [607/648] Built Mathlib.Tactic.Variable (2.8s)
✔ [608/648] Built Mathlib.Util.PrintSorries (1.6s)
✔ [609/651] Built Mathlib.Util.TransImports (1.8s)
✔ [610/656] Built Mathlib.Util.CountHeartbeats (2.3s)
✔ [611/656] Built Mathlib.Algebra.Order.Group.Unbundled.Basic (5.4s)
✔ [612/656] Built Mathlib.Util.WhatsNew (2.0s)
✔ [613/659] Built Batteries.Control.ForInStep.Lemmas (825ms)
✔ [614/659] Built Mathlib.Data.Set.Insert (3.8s)
✔ [615/659] Built Mathlib.Tactic.Widget.SelectPanelUtils (2.3s)
✔ [616/659] Built Batteries.Data.List.Pairwise (954ms)
✔ [617/659] Built Mathlib.Util.AtomM (1.7s)
✔ [618/659] Built Mathlib.Data.List.TFAE (1.4s)
✔ [619/659] Built Mathlib.Order.BooleanAlgebra.Basic (4.7s)
✔ [620/659] Built Mathlib.Algebra.Group.TypeTags.Hom (2.6s)
✔ [621/660] Built Mathlib.Algebra.GroupWithZero.Nat (1.5s)
✔ [622/660] Built Mathlib.Algebra.Order.Group.Defs (2.5s)
✔ [623/660] Built Mathlib.Algebra.Order.Group.OrderIso (2.0s)
✔ [624/660] Built Mathlib.Tactic.Widget.CongrM (1.8s)
✔ [625/660] Built Mathlib.Data.Set.Subsingleton (2.9s)
✔ [626/660] Built Mathlib.Algebra.Group.Hom.Instances (5.3s)
✔ [627/668] Built Mathlib.Tactic.Widget.Calc (3.2s)
✔ [628/668] Built Mathlib.Tactic.Widget.Conv (4.1s)
✔ [629/669] Built Mathlib.Algebra.Ring.Nat (2.3s)
✔ [630/671] Built Mathlib.Tactic.Widget.LibraryRewrite (4.8s)
✔ [631/671] Built Mathlib.Algebra.Group.Nat.Hom (2.9s)
✔ [632/675] Built Mathlib.Algebra.Ring.Semiconj (2.5s)
✔ [633/679] Built Mathlib.Order.BooleanAlgebra.Set (4.5s)
✔ [634/682] Built Mathlib.Data.Bracket (1.6s)
✔ [635/684] Built Mathlib.Algebra.Order.Group.Int (1.9s)
✔ [636/684] Built Mathlib.Algebra.GroupWithZero.InjSurj (2.6s)
✔ [637/685] Built Mathlib.Algebra.Order.Group.Lattice (3.2s)
✔ [638/685] Built Mathlib.Data.Int.Basic (2.0s)
✔ [639/687] Built Mathlib.Order.SymmDiff (5.2s)
✔ [640/687] Built Mathlib.Order.Bounds.Defs (1.8s)
✔ [641/689] Built Mathlib.Data.Nat.Cast.NeZero (1.5s)
✔ [642/689] Built Batteries.Data.List.Lemmas (7.8s)
✔ [643/689] Built Mathlib.Algebra.Group.Nat.Units (1.3s)
✔ [644/689] Built Mathlib.Tactic.Common (2.4s)
✔ [645/689] Built Mathlib.Data.Option.NAry (1.3s)
✔ [646/689] Built Mathlib.Algebra.Ring.Int.Defs (1.7s)
✔ [647/695] Built Mathlib.Algebra.Order.Monoid.Canonical.Defs (2.2s)
✔ [648/695] Built Mathlib.Algebra.GroupWithZero.Equiv (1.6s)
✔ [649/695] Built Mathlib.Data.Set.SymmDiff (2.2s)
✔ [650/695] Built Mathlib.Algebra.Group.Int.Units (2.1s)
✔ [651/698] Built Mathlib.Algebra.Order.Group.Unbundled.Abs (3.6s)
✔ [652/698] Built Mathlib.Order.TypeTags (1.6s)
✔ [653/698] Built Mathlib.Algebra.Group.WithOne.Defs (3.1s)
✔ [654/698] Built Mathlib.Data.Int.Sqrt (2.3s)
✔ [655/698] Built Mathlib.Algebra.Order.Group.Nat (2.0s)
✔ [656/702] Built Mathlib.Algebra.Divisibility.Basic (2.8s)
✔ [657/702] Built Mathlib.Algebra.Regular.Basic (2.4s)
✔ [658/702] Built Mathlib.Data.List.Pairwise (4.7s)
✔ [659/702] Built Mathlib.Algebra.Ring.InjSurj (5.6s)
✔ [660/702] Built Mathlib.Algebra.Order.Group.Unbundled.Int (2.3s)
✔ [661/706] Built Mathlib.Algebra.Order.Monoid.Units (2.2s)
✔ [662/706] Built Mathlib.Algebra.Order.Monoid.OrderDual (2.2s)
✔ [663/706] Built Mathlib.Algebra.Order.Group.Abs (3.4s)
✔ [664/706] Built Mathlib.Algebra.Group.WithOne.Map (2.8s)
✔ [665/706] Built Mathlib.Algebra.Order.Monoid.Unbundled.TypeTags (2.3s)
✔ [666/706] Built Mathlib.Algebra.Group.Int.Even (3.1s)
✔ [667/706] Built Mathlib.Algebra.Divisibility.Hom (2.0s)
✔ [668/711] Built Mathlib.Data.Set.Image (6.6s)
✔ [669/712] Built Mathlib.Data.Int.GCD (3.6s)
✔ [670/712] Built Mathlib.Algebra.GroupWithZero.WithZero (5.3s)
✔ [671/713] Built Mathlib.Algebra.Order.Group.Units (2.2s)
✔ [672/714] Built Mathlib.Algebra.Order.Sub.Unbundled.Basic (2.9s)
✔ [673/714] Built Mathlib.Tactic.TFAE (4.4s)
✔ [674/714] Built Mathlib.Algebra.Order.Monoid.TypeTags (2.2s)
✔ [675/720] Built Mathlib.Tactic.HaveI (1.2s)
✔ [676/722] Built Mathlib.Algebra.Order.Hom.Basic (3.3s)
✔ [677/724] Built Mathlib.Lean.Expr.Rat (1.4s)
✔ [678/727] Built Mathlib.Algebra.Group.Invertible.Defs (1.0s)
✔ [679/727] Built Mathlib.Algebra.Ring.Divisibility.Basic (2.7s)
✔ [680/728] Built Batteries.Classes.RatCast (937ms)
✔ [681/729] Built Mathlib.Data.Set.Restrict (2.7s)
✔ [682/729] Built Mathlib.Util.Qq (1.7s)
✔ [683/733] Built Mathlib.Algebra.Order.Sub.Basic (2.8s)
✔ [684/737] Built Mathlib.Algebra.Ring.Basic (3.1s)
✔ [685/737] Built Mathlib.Data.Rat.Init (1.9s)
✔ [686/737] Built Mathlib.Algebra.GroupWithZero.Units.Equiv (2.5s)
✔ [687/743] Built Mathlib.Algebra.Order.Ring.Synonym (2.8s)
✔ [688/744] Built Mathlib.Algebra.Group.Invertible.Basic (2.8s)
✔ [689/745] Built Mathlib.Util.PPOptions (1.9s)
✔ [690/745] Built Mathlib.Data.Set.Prod (5.7s)
✔ [691/745] Built Mathlib.Order.BoundedOrder.Monotone (2.4s)
✔ [692/745] Built Mathlib.Order.Interval.Set.Defs (2.2s)
✔ [693/748] Built Mathlib.Order.Antisymmetrization (4.1s)
✔ [694/750] Built Mathlib.Algebra.Field.Defs (2.7s)
✔ [695/754] Built Mathlib.Algebra.Order.Group.MinMax (2.0s)
✔ [696/754] Built Mathlib.Algebra.GroupWithZero.Invertible (2.8s)
✔ [697/755] Built Mathlib.Algebra.GroupWithZero.Pi (2.3s)
✔ [698/759] Built Mathlib.Order.WithBot (13s)
✔ [699/761] Built Mathlib.Control.ULift (1.7s)
✔ [700/761] Built Mathlib.Algebra.Ring.Hom.Defs (5.5s)
✔ [701/761] Built Mathlib.Data.Set.NAry (3.0s)
✔ [702/761] Built Mathlib.Algebra.Ring.Invertible (3.9s)
✔ [703/761] Built Mathlib.Algebra.Group.Action.Opposite (4.1s)
✔ [704/763] Built Mathlib.Algebra.GroupWithZero.Opposite (3.5s)
✔ [705/765] Built Mathlib.Util.Delaborators (7.8s)
✔ [706/765] Built Mathlib.Data.ULift (3.2s)
✔ [707/768] Built Mathlib.Tactic.NormNum.Result (5.7s)
✔ [708/768] Built Mathlib.Data.Set.Function (7.6s)
✔ [709/768] Built Mathlib.Order.SetNotation (7.2s)
✔ [710/770] Built Mathlib.Algebra.Ring.Units (2.9s)
✔ [711/770] Built Mathlib.Order.Interval.Set.Basic (8.7s)
✔ [712/770] Built Mathlib.Data.Nat.Cast.Basic (3.9s)
✔ [713/771] Built Mathlib.Algebra.GroupWithZero.Action.Defs (3.6s)
✔ [714/771] Built Mathlib.Data.Rat.Defs (3.6s)
✔ [715/771] Built Mathlib.Order.Directed (3.8s)
✔ [716/771] Built Mathlib.Algebra.Order.Monoid.Unbundled.WithTop (8.2s)
✔ [717/771] Built Mathlib.Tactic.NormNum.Core (4.4s)
✔ [718/771] Built Mathlib.Order.WellFounded (3.0s)
✔ [719/773] Built Mathlib.Data.Set.Monotone (3.4s)
✔ [720/773] Built Mathlib.Algebra.Group.Semiconj.Basic (2.7s)
✔ [721/773] Built Mathlib.Algebra.Ring.Int.Units (2.3s)
✔ [722/773] Built Mathlib.Data.Set.Piecewise (3.5s)
✔ [723/773] Built Mathlib.Algebra.Ring.Commute (2.0s)
✔ [724/773] Built Mathlib.Algebra.Ring.Action.Rat (2.5s)
✔ [725/776] Built Mathlib.GroupTheory.GroupAction.Ring (2.4s)
✔ [726/776] Built Mathlib.Logic.Equiv.Set (6.1s)
✔ [727/776] Built Mathlib.Data.Nat.Cast.Order.Basic (3.7s)
✔ [728/776] Built Mathlib.Algebra.Order.Monoid.WithTop (2.6s)
✔ [729/776] Built Mathlib.Algebra.Ring.Rat (3.4s)
✔ [730/776] Built Mathlib.Algebra.Group.Commute.Basic (2.9s)
✔ [731/776] Built Mathlib.Algebra.Divisibility.Units (3.3s)
✔ [732/780] Built Mathlib.Algebra.Order.Ring.Unbundled.Rat (5.2s)
✔ [733/780] Built Mathlib.Data.PNat.Notation (1.9s)
✔ [734/780] Built Mathlib.Algebra.Group.Action.Pi (3.3s)
✔ [735/780] Built Mathlib.Algebra.Order.GroupWithZero.Basic (9.3s)
✔ [736/780] Built Mathlib.Data.Nat.Cast.Commute (3.1s)
✔ [737/780] Built Mathlib.Data.Nat.Find (2.0s)
✔ [738/780] Built Mathlib.Order.Bounds.Basic (7.6s)
✔ [739/780] Built Mathlib.Data.PNat.Defs (2.1s)
✔ [740/780] Built Mathlib.Algebra.GroupWithZero.Divisibility (3.3s)
✔ [741/780] Built Mathlib.Algebra.Order.AddGroupWithTop (3.6s)
✔ [742/780] Built Mathlib.Algebra.Field.Basic (5.9s)
✔ [743/782] Built Mathlib.Algebra.Group.Pi.Lemmas (7.5s)
✔ [744/782] Built Mathlib.Algebra.Order.GroupWithZero.OrderIso (2.7s)
✔ [745/785] Built Mathlib.Order.Hom.Set (5.7s)
✔ [746/785] Built Mathlib.Order.Nat (2.1s)
✔ [747/790] Built Mathlib.Data.Ineq (1.1s)
✔ [748/790] Built Mathlib.Algebra.Order.Nonneg.Basic (5.6s)
✔ [749/791] Built Mathlib.Util.SynthesizeUsing (1.0s)
✔ [750/795] Built Mathlib.Order.CompleteLattice.Defs (4.4s)
✔ [751/795] Built Mathlib.Algebra.Ring.Parity (5.2s)
✔ [752/795] Built Mathlib.Order.Bounds.Image (4.7s)
✔ [753/797] Built Mathlib.Algebra.Ring.Equiv (8.9s)
✔ [754/797] Built Mathlib.Tactic.Linarith.Oracle.SimplexAlgorithm.Datatypes (2.1s)
✔ [755/797] Built Mathlib.Algebra.Order.Ring.Unbundled.Basic (6.2s)
✔ [756/797] Built Mathlib.Lean.Meta.Tactic.Rewrite (1.7s)
✔ [757/797] Built Mathlib.Data.Tree.Basic (1.9s)
✔ [758/797] Built Mathlib.Tactic.Zify (2.3s)
✔ [759/797] Built Mathlib.Data.NNRat.Defs (4.5s)
✔ [760/799] Built Mathlib.Order.Bounds.OrderIso (2.5s)
✔ [761/804] Built Mathlib.Tactic.Linarith.Oracle.SimplexAlgorithm.Gauss (1.8s)
✔ [762/804] Built Mathlib.Tactic.Linarith.Oracle.SimplexAlgorithm.SimplexAlgorithm (2.4s)
✔ [763/804] Built Mathlib.Algebra.Ring.CompTypeclasses (3.2s)
✔ [764/806] Built Mathlib.Data.Int.Cast.Lemmas (4.3s)
✔ [765/813] Built Mathlib.Algebra.Ring.Int.Parity (4.5s)
✔ [766/813] Built Mathlib.Util.ElabWithoutMVars (1.0s)
✔ [767/814] Built Mathlib.Tactic.Linarith.Oracle.SimplexAlgorithm.PositiveVector (1.9s)
✔ [768/817] Built Mathlib.Algebra.Order.Ring.Defs (3.6s)
✔ [769/817] Built Mathlib.Algebra.Field.Rat (4.2s)
✔ [770/817] Built Mathlib.Data.Bool.Set (3.0s)
✔ [771/818] Built Mathlib.Data.Nat.Set (2.0s)
✔ [772/818] Built Mathlib.Tactic.NormNum.Basic (11s)
✔ [773/818] Built Mathlib.Algebra.Order.GroupWithZero.Canonical (12s)
✔ [774/818] Built Mathlib.Order.ConditionallyCompleteLattice.Defs (4.3s)
✔ [775/818] Built Mathlib.Algebra.Ring.Pi (6.4s)
✔ [776/818] Built Mathlib.Data.Rat.Lemmas (4.8s)
✔ [777/818] Built Mathlib.Order.CompleteLattice.Basic (10s)
✔ [778/819] Built Mathlib.Algebra.Order.Ring.Canonical (4.6s)
✔ [779/820] Built Mathlib.Algebra.Order.Ring.Rat (4.1s)
✔ [780/820] Built Mathlib.Order.ConditionallyCompletePartialOrder.Defs (3.3s)
✔ [781/820] Built Mathlib.Algebra.Order.Ring.Int (5.4s)
✔ [782/820] Built Mathlib.Algebra.Order.Ring.Basic (5.4s)
✔ [783/823] Built Mathlib.Tactic.CancelDenoms.Core (6.9s)
✔ [784/823] Built Mathlib.Algebra.Order.Ring.Nat (4.1s)
✔ [785/823] Built Mathlib.Order.CompleteLattice.Lemmas (4.6s)
✔ [786/823] Built Mathlib.Order.LatticeIntervals (5.0s)
✔ [787/825] Built Mathlib.Data.Rat.Cast.Defs (5.2s)
✔ [788/826] Built Mathlib.Data.Setoid.Basic (5.2s)
✔ [789/826] Built Mathlib.Algebra.Order.Field.Canonical (4.5s)
✔ [790/833] Built Mathlib.Data.Set.Order (3.8s)
✔ [791/841] Built Mathlib.Order.GaloisConnection.Basic (6.0s)
✔ [792/841] Built Mathlib.Order.ConditionallyCompletePartialOrder.Basic (3.8s)
✔ [793/841] Built Mathlib.Lean.Expr.ExtraRecognizers (1.0s)
✔ [794/841] Built Mathlib.Tactic.NormNum.Pow (8.6s)
✔ [795/847] Built Mathlib.Order.Interval.Set.Image (5.8s)
✔ [796/847] Built Mathlib.Tactic.SetLike (2.6s)
✔ [797/847] Built Mathlib.Data.Nat.Cast.Order.Ring (4.2s)
✔ [798/848] Built Mathlib.Data.Rat.Cast.CharZero (4.7s)
✔ [799/849] Built Mathlib.Data.Set.Pairwise.Basic (5.1s)
✔ [800/849] Built Mathlib.Data.Set.Notation (3.5s)
✔ [801/849] Built Mathlib.Algebra.Order.Monoid.Basic (4.1s)
✔ [802/849] Built Mathlib.Algebra.Order.Positive.Ring (4.7s)
✔ [803/849] Built Mathlib.Algebra.Notation (3.3s)
✔ [804/849] Built Mathlib.Data.SetLike.Basic (3.9s)
✔ [805/855] Built Mathlib.Order.Interval.Set.LinearOrder (8.7s)
✔ [806/855] Built Mathlib.Tactic.NormNum.Abs (4.9s)
✔ [807/855] Built Mathlib.Data.Nat.Factorial.Basic (6.7s)
✔ [808/855] Built Mathlib.Algebra.Order.Invertible (4.5s)
✔ [809/855] Built Mathlib.Tactic.Linarith.Lemmas (4.5s)
✔ [810/855] Built Mathlib.Data.Int.Cast.Field (3.3s)
✔ [811/855] Built Mathlib.Algebra.Order.Ring.Cast (5.4s)
✔ [812/855] Built Mathlib.Algebra.Notation.Support (4.6s)
✔ [813/858] Built Mathlib.Algebra.Order.Ring.Abs (6.3s)
✔ [814/863] Built Mathlib.Algebra.Order.Ring.InjSurj (3.2s)
✔ [815/863] Built Mathlib.Data.Int.Cast.Pi (1.9s)
✔ [816/863] Built Mathlib.Order.Preorder.Chain (5.1s)
✔ [817/863] Built Mathlib.Data.PNat.Equiv (3.6s)
✔ [818/864] Built Mathlib.Tactic.NormNum.Inv (8.2s)
✔ [819/864] Built Mathlib.Tactic.TryThis (3.5s)
✔ [820/864] Built Mathlib.Util.AtomM.Recurse (3.6s)
✔ [821/864] Built Mathlib.Algebra.Order.Group.PosPart (7.1s)
✔ [822/866] Built Mathlib.Tactic.Linarith.Datatypes (6.5s)
✔ [823/866] Built Mathlib.Order.CompleteBooleanAlgebra (15s)
✔ [824/866] Built Mathlib.Order.Interval.Set.UnorderedInterval (7.5s)
✔ [825/866] Built Mathlib.Data.Int.CharZero (4.3s)
✔ [826/866] Built Mathlib.Order.Antichain (4.8s)
✔ [827/866] Built Mathlib.Data.PNat.Basic (5.4s)
✔ [828/868] Built Mathlib.Tactic.NormNum.Eq (5.7s)
✔ [829/868] Built Mathlib.Algebra.Group.Pointwise.Set.Scalar (5.0s)
✔ [830/871] Built Mathlib.Tactic.Linarith.Parsing (4.8s)
✔ [831/874] Built Mathlib.Tactic.Linarith.Oracle.SimplexAlgorithm (5.0s)
✔ [832/878] Built Mathlib.Tactic.Linarith.Preprocessing (5.8s)
✔ [833/878] Built Mathlib.Data.Set.BooleanAlgebra (3.1s)
✔ [834/881] Built Mathlib.Tactic.Positivity.Core (12s)
✔ [835/881] Built Mathlib.Order.Interval.Set.OrderEmbedding (3.1s)
✔ [836/881] Built Mathlib.Algebra.Group.Action.Units (2.7s)
✔ [837/883] Built Mathlib.Algebra.Group.Action.TypeTags (2.1s)
✔ [838/883] Built Mathlib.Algebra.Group.Equiv.TypeTags (3.2s)
✔ [839/883] Built Mathlib.Tactic.NormNum.Ineq (5.7s)
✔ [840/883] Built Mathlib.Algebra.Group.Prod (7.7s)
✔ [841/883] Built Mathlib.Tactic.Linarith.Verification (4.8s)
✔ [842/883] Built Mathlib.Data.Set.Lattice.Indexed (4.0s)
✔ [843/883] Built Mathlib.Order.Interval.Set.OrdConnected (3.7s)
✔ [844/883] Built Mathlib.Algebra.GroupWithZero.Action.Units (2.6s)
✔ [845/883] Built Mathlib.Algebra.Order.AbsoluteValue.Basic (5.2s)
✔ [846/883] Built Mathlib.Algebra.Group.Action.Pretransitive (2.5s)
✔ [847/885] Built Mathlib.Algebra.Group.Action.Basic (3.2s)
✔ [848/885] Built Mathlib.Tactic.NormNum.DivMod (4.6s)
✔ [849/888] Built Mathlib.Algebra.GroupWithZero.Prod (3.1s)
✔ [850/889] Built Mathlib.Algebra.Group.Action.Hom (2.8s)
✔ [851/889] Built Mathlib.Algebra.Order.Field.Basic (8.5s)
✔ [852/892] Built Mathlib.Tactic.Ring.Common (17s)
✔ [853/892] Built Mathlib.Data.Set.Lattice.Bounded (4.2s)
✔ [854/892] Built Mathlib.Algebra.Group.End (6.5s)
✔ [855/892] Built Mathlib.Algebra.GroupWithZero.Action.Opposite (2.0s)
✔ [856/892] Built Mathlib.Algebra.Module.Defs (2.6s)
✔ [857/892] Built Mathlib.Algebra.Regular.Opposite (1.6s)
✔ [858/892] Built Mathlib.Algebra.Group.Action.Prod (2.6s)
✔ [859/895] Built Mathlib.Order.ConditionallyCompleteLattice.Basic (6.4s)
✔ [860/896] Built Mathlib.Algebra.Regular.SMul (2.5s)
✔ [861/896] Built Mathlib.Algebra.Ring.Opposite (5.1s)
✔ [862/897] Built Mathlib.Data.Set.Lattice.Image (4.5s)
✔ [863/899] Built Mathlib.Algebra.Group.Action.End (3.9s)
✔ [864/899] Built Mathlib.Algebra.GroupWithZero.Action.End (2.4s)
✔ [865/899] Built Mathlib.Tactic.Positivity.Basic (16s)
✔ [866/903] Built Mathlib.Algebra.Module.NatInt (4.3s)
✔ [867/903] Built Mathlib.Algebra.Module.Opposite (2.4s)
✔ [868/903] Built Mathlib.Algebra.Group.Pointwise.Set.Basic (12s)
✔ [869/903] Built Mathlib.Order.CompleteLatticeIntervals (5.2s)
✔ [870/903] Built Mathlib.Algebra.Order.CauSeq.Basic (7.0s)
✔ [871/903] Built Mathlib.Logic.Function.CompTypeclasses (1.5s)
✔ [872/904] Built Mathlib.Algebra.Module.RingHom (3.3s)
✔ [873/904] Built Mathlib.Algebra.GroupWithZero.Action.Basic (3.5s)
✔ [874/904] Built Mathlib.Tactic.Ring.Basic (8.2s)
✔ [875/907] Built Mathlib.Algebra.GroupWithZero.Action.Prod (3.2s)
✔ [876/907] Built Mathlib.Algebra.Ring.Action.Basic (2.4s)
✔ [877/907] Built Mathlib.Algebra.GroupWithZero.Pointwise.Set.Basic (2.3s)
✔ [878/907] Built Mathlib.Tactic.NormNum.OfScientific (3.4s)
✔ [879/907] Built Mathlib.Algebra.Group.Hom.CompTypeclasses (2.2s)
✔ [880/907] Built Mathlib.Algebra.Module.Torsion.Free (4.1s)
✔ [881/909] Built Mathlib.Tactic.Abel (7.5s)
✔ [882/909] Built Mathlib.Algebra.Order.Group.Action.Synonym (2.8s)
✔ [883/909] Built Mathlib.Algebra.Order.Nonneg.Lattice (3.5s)
✔ [884/910] Built Mathlib.Algebra.Group.Action.Pointwise.Set.Basic (5.4s)
✔ [885/912] Built Mathlib.Algebra.Order.GroupWithZero.Synonym (2.2s)
✔ [886/912] Built Mathlib.Tactic.Ring.PNat (3.4s)
✔ [887/912] Built Mathlib.Algebra.Module.Prod (2.5s)
✔ [888/914] Built Mathlib.Tactic.Ring.RingNF (4.8s)
✔ [889/914] Built Mathlib.Algebra.Order.CauSeq.Completion (6.5s)
✔ [890/914] Built Mathlib.Tactic.Linarith.Frontend (5.9s)
✔ [891/914] Built Mathlib.Algebra.Notation.Indicator (4.1s)
✔ [892/914] Built Mathlib.Algebra.Order.Nonneg.Ring (4.1s)
✔ [893/918] Built Mathlib.Algebra.Order.Interval.Set.Monoid (2.0s)
✔ [894/920] Built Mathlib.Order.Interval.Set.OrderIso (2.9s)
✔ [895/923] Built Mathlib.Algebra.Order.GroupWithZero.Action.Synonym (3.4s)
✔ [896/925] Built Mathlib.Algebra.GroupWithZero.Action.Pointwise.Set (4.2s)
✔ [897/925] Built Mathlib.Tactic.Ring (3.0s)
✔ [898/925] Built Mathlib.Algebra.Order.Group.Basic (2.0s)
✔ [899/926] Built Mathlib.Algebra.Module.Basic (3.2s)
✔ [900/927] Built Mathlib.Algebra.Order.Module.Synonym (2.6s)
✔ [901/929] Built Mathlib.Algebra.Ring.Action.Pointwise.Set (2.8s)
✔ [902/931] Built Mathlib.Algebra.Group.Subsemigroup.Defs (4.2s)
✔ [903/931] Built Mathlib.Algebra.Order.Nonneg.Field (4.6s)
✔ [904/933] Built Mathlib.Tactic.ApplyFun (3.3s)
✔ [905/933] Built Mathlib.Basic.Real.Basic (5.9s)
✔ [906/933] Built Mathlib.Algebra.Group.Support (2.7s)
✔ [907/940] Built Mathlib.Algebra.BigOperators.Group.List.Defs (2.4s)
✔ [908/940] Built Batteries.Data.List.Count (2.6s)
✔ [909/940] Built Mathlib.Control.Functor (2.2s)
✔ [910/940] Built Mathlib.Data.List.Monad (1.7s)
✔ [911/952] Built Mathlib.Algebra.Group.Subsemigroup.Basic (3.9s)
✔ [912/952] Built Mathlib.Algebra.Order.Field.Rat (3.5s)
✔ [913/966] Built Mathlib.Data.List.Forall2 (4.1s)
✔ [914/967] Built Mathlib.Algebra.Group.Submonoid.Defs (5.7s)
✔ [915/969] Built Mathlib.Data.List.InsertIdx (3.9s)
✔ [916/969] Built Mathlib.Data.Finset.Attr (2.4s)
✔ [917/969] Built Batteries.Data.List.Perm (3.4s)
✔ [918/972] Built Mathlib.Data.List.Defs (3.6s)
✔ [919/972] Built Mathlib.Data.List.Induction (2.4s)
✔ [920/972] Built Mathlib.Algebra.Order.Group.Pointwise.Interval (12s)
✔ [921/972] Built Mathlib.Algebra.Group.Submonoid.MulAction (2.9s)
✔ [922/978] Built Mathlib.Data.List.Count (3.2s)
✔ [923/982] Built Mathlib.Algebra.Order.Module.Defs (12s)
✔ [924/985] Built Mathlib.Algebra.Group.Submonoid.Basic (4.2s)
✔ [925/990] Built Mathlib.Data.List.Perm.Basic (4.1s)
✔ [926/1000] Built Mathlib.Data.Set.List (2.6s)
✔ [927/1003] Built Mathlib.GroupTheory.GroupAction.Hom (20s)
✔ [928/1004] Built Mathlib.Data.Rat.Cast.Order (7.0s)
✔ [929/1004] Built Mathlib.Basic.Finite.Defs (2.2s)
✔ [930/1009] Built Mathlib.Data.List.Flatten (2.8s)
✔ [931/1009] Built Mathlib.Data.List.TakeDrop (5.2s)
✔ [932/1019] Built Mathlib.Algebra.Group.Commute.Hom (2.6s)
✔ [933/1021] Built Mathlib.Data.List.ProdSigma (3.9s)
✔ [934/1030] Built Mathlib.Algebra.Group.Subgroup.Defs (8.9s)
✔ [935/1030] Built Mathlib.Data.Int.DivMod (2.2s)
✔ [936/1030] Built Mathlib.Tactic.NormNum (4.2s)
✔ [937/1031] Built Batteries.Data.Fin.Basic (2.6s)
✔ [938/1031] Built Mathlib.Data.Nat.Choose.Basic (4.0s)
✔ [939/1032] Built Mathlib.Data.List.Basic (7.8s)
✔ [940/1032] Built Mathlib.Algebra.Group.Submonoid.DistribMulAction (2.6s)
✔ [941/1032] Built Batteries.Data.Fin.Lemmas (2.2s)
✔ [942/1032] Built Mathlib.Algebra.Group.Conj (4.2s)
✔ [943/1032] Built Mathlib.Algebra.Group.Idempotent (2.8s)
✔ [944/1034] Built Mathlib.Tactic.Linarith (4.0s)
✔ [945/1034] Built Mathlib.Data.Fin.Basic (4.5s)
✔ [946/1034] Built Mathlib.GroupTheory.GroupAction.Defs (6.6s)
✔ [947/1034] Built Mathlib.Data.List.Infix (3.9s)
✔ [948/1034] Built Mathlib.Data.List.Enum (3.1s)
✔ [949/1034] Built Mathlib.Data.List.Lex (3.3s)
✔ [950/1034] Built Mathlib.Data.List.Perm.Subperm (3.1s)
✔ [951/1035] Built Mathlib.Algebra.FreeMonoid.Basic (7.2s)
✔ [952/1035] Built Mathlib.Algebra.Group.Center (9.8s)
✔ [953/1036] Built Mathlib.Data.List.Lattice (4.7s)
✔ [954/1044] Built Mathlib.Algebra.Group.Submonoid.Operations (15s)
✔ [955/1044] Built Mathlib.Algebra.BigOperators.Group.List.Basic (7.5s)
✔ [956/1045] Built Mathlib.Algebra.Group.Subsemigroup.MulOpposite (4.8s)
✔ [957/1050] Built Mathlib.Algebra.Group.PUnit (2.7s)
✔ [958/1050] Built Mathlib.Data.Multiset.Defs (5.3s)
✔ [959/1050] Built Mathlib.Data.List.Nodup (7.7s)
✔ [960/1050] Built Mathlib.GroupTheory.Subsemigroup.Center (3.9s)
✔ [961/1050] Built Funk.ScalarCertificate (7.8s)
✔ [962/1050] Built Mathlib.Algebra.Module.LinearMap.Defs (19s)
✔ [963/1050] Built Mathlib.Data.List.Chain (6.5s)
✔ [964/1050] Built Mathlib.Algebra.Ring.PUnit (1.8s)
✔ [965/1050] Built Mathlib.Data.Fin.SuccPred (8.3s)
✔ [966/1050] Built Mathlib.Algebra.Group.Submonoid.MulOpposite (4.1s)
✔ [967/1050] Built Mathlib.Data.Finset.Defs (3.7s)
✔ [968/1054] Built Mathlib.Data.List.Duplicate (3.3s)
✔ [969/1054] Built Mathlib.Data.Multiset.ZeroCons (4.5s)
✔ [970/1054] Built Mathlib.Data.List.Perm.Lattice (3.4s)
✔ [971/1054] Built Mathlib.GroupTheory.Submonoid.Center (4.5s)
✔ [972/1054] Built Mathlib.Order.Hom.Bounded (6.2s)
✔ [973/1054] Built Mathlib.Algebra.Group.Subgroup.Lattice (9.0s)
✔ [974/1057] Built Mathlib.Order.Hom.Lattice (6.3s)
✔ [975/1057] Built Mathlib.Data.List.Rotate (4.3s)
✔ [976/1057] Built Mathlib.Data.List.OffDiag (4.7s)
✔ [977/1057] Built Mathlib.Data.List.Dedup (3.4s)
✔ [978/1062] Built Mathlib.Algebra.Module.PUnit (2.7s)
✔ [979/1062] Built Mathlib.Data.List.Range (2.8s)
✔ [980/1071] Built Mathlib.Data.Fin.Rev (2.5s)
✔ [981/1075] Built Mathlib.Algebra.Module.LinearMap.Prod (3.3s)
✔ [982/1075] Built Mathlib.Data.Fin.Embedding (3.1s)
✔ [983/1075] Built Mathlib.Data.Finset.Empty (3.2s)
✔ [984/1076] Built Mathlib.Data.Multiset.Count (3.3s)
✔ [985/1079] Built Mathlib.Data.Multiset.Basic (3.2s)
✔ [986/1079] Built Mathlib.Data.FunLike.IsApply (2.4s)
✔ [987/1083] Built Mathlib.Algebra.BigOperators.Group.List.Lemmas (3.3s)
✔ [988/1088] Built Mathlib.Order.ConditionallyCompletePartialOrder.Indexed (3.4s)
✔ [989/1090] Built Mathlib.Algebra.Group.Indicator (3.8s)
✔ [990/1090] Built Mathlib.Data.Multiset.AddSub (3.8s)
✔ [991/1090] Built Mathlib.Data.List.Sublists (3.8s)
✔ [992/1090] Built Mathlib.Order.Fin.Basic (4.4s)
✔ [993/1095] Built Mathlib.Data.List.Zip (3.5s)
✔ [994/1096] Built Mathlib.Data.Set.Lattice.Disjoint (3.2s)
✔ [995/1097] Built Mathlib.Order.Hom.BoundedLattice (7.1s)
✔ [996/1100] Built Mathlib.Algebra.GroupWithZero.Indicator (3.3s)
✔ [997/1100] Built Mathlib.Algebra.Group.Hom.End (2.0s)
✔ [998/1102] Built Mathlib.Algebra.Group.Subgroup.Map (8.4s)
✔ [999/1105] Built Mathlib.Logic.Function.DependsOn (2.5s)
✔ [1000/1106] Built Mathlib.Data.Multiset.Replicate (2.9s)
✔ [1001/1106] Built Mathlib.Algebra.Order.Group.Indicator (3.5s)
✔ [1002/1111] Built Mathlib.Data.Set.Pairwise.Lattice (3.2s)
✔ [1003/1119] Built Mathlib.Algebra.BigOperators.Ring.List (3.3s)
✔ [1004/1119] Built Mathlib.Algebra.Module.End (3.6s)
✔ [1005/1122] Built Mathlib.Algebra.Order.BigOperators.GroupWithZero.List (3.2s)
✔ [1006/1122] Built Mathlib.Data.Fin.Tuple.Basic (7.7s)
✔ [1007/1124] Built Mathlib.Algebra.Order.BigOperators.Group.List (5.1s)
✔ [1008/1124] Built Mathlib.Algebra.Module.Equiv.Defs (17s)
✔ [1009/1127] Built Mathlib.Data.Multiset.MapFold (5.1s)
✔ [1010/1127] Built Mathlib.Order.Hom.CompleteLattice (7.2s)
✔ [1011/1127] Built Mathlib.Algebra.Order.BigOperators.Ring.List (3.6s)
✔ [1012/1129] Built Mathlib.Data.List.MinMax (6.5s)
✔ [1013/1129] Built Mathlib.Data.Set.Sigma (5.4s)
✔ [1014/1129] Built Mathlib.Algebra.GroupWithZero.Action.Hom (2.4s)
✔ [1015/1130] Built Mathlib.Data.List.FinRange (2.5s)
✔ [1016/1134] Built Mathlib.Data.Finset.Attach (2.3s)
✔ [1017/1135] Built Mathlib.Data.List.OfFn (2.8s)
✔ [1018/1135] Built Mathlib.Algebra.GroupWithZero.Action.Pi (2.8s)
✔ [1019/1135] Built Mathlib.Algebra.Module.Equiv.Opposite (3.0s)
✔ [1020/1137] Built Mathlib.Algebra.Group.Subgroup.Ker (9.0s)
✔ [1021/1137] Built Mathlib.Data.Fin.VecNotation (4.8s)
✔ [1022/1139] Built Mathlib.Data.Multiset.Filter (3.4s)
✔ [1023/1139] Built Mathlib.Logic.Embedding.Set (3.6s)
✔ [1024/1139] Built Mathlib.Algebra.Group.ULift (3.2s)
✔ [1025/1139] Built Mathlib.Algebra.Ring.CharZero (3.1s)
✔ [1026/1139] Built Mathlib.Algebra.Module.Pi (3.3s)
✔ [1027/1139] Built Mathlib.GroupTheory.GroupAction.DomAct.Basic (5.0s)
✔ [1028/1140] Built Mathlib.Algebra.Algebra.Defs (4.9s)
✔ [1029/1140] Built Mathlib.Data.List.Sort (5.3s)
✔ [1030/1140] Built Mathlib.Algebra.Group.Fin.Tuple (3.5s)
✔ [1031/1140] Built Mathlib.RingTheory.NonUnitalSubsemiring.Defs (4.2s)
✔ [1032/1140] Built Mathlib.Algebra.BigOperators.Group.Multiset.Defs (3.5s)
✔ [1033/1140] Built Mathlib.Data.Finset.Filter (3.6s)
✔ [1034/1140] Built Mathlib.Data.Finset.Erase (3.1s)
✔ [1035/1143] Built Mathlib.Algebra.GroupWithZero.ULift (2.1s)
✔ [1036/1143] Built Mathlib.Data.Multiset.UnionInter (4.2s)
✔ [1037/1143] Built Mathlib.Logic.Equiv.Fin.Basic (4.0s)
✔ [1038/1143] Built Mathlib.Algebra.Module.LinearMap.End (7.8s)
✔ [1039/1143] Built Mathlib.Algebra.Module.Torsion.Pi (3.0s)
✔ [1040/1143] Built Mathlib.Algebra.Ring.Action.Subobjects (2.7s)
✔ [1041/1145] Built Mathlib.Algebra.Ring.ULift (4.3s)
✔ [1042/1145] Built Mathlib.Algebra.Module.Hom (3.6s)
✔ [1043/1145] Built Mathlib.Data.List.NodupEquivFin (3.2s)
✔ [1044/1146] Built Mathlib.Algebra.Order.BigOperators.GroupWithZero.Multiset (2.6s)
✔ [1045/1147] Built Mathlib.Data.Nat.Cast.Prod (2.3s)
✔ [1046/1147] Built Mathlib.RingTheory.NonUnitalSubring.Defs (3.9s)
✔ [1047/1147] Built Mathlib.Data.Fintype.Defs (3.6s)
✔ [1048/1148] Built Mathlib.Data.Multiset.Dedup (2.9s)
✔ [1049/1148] Built Mathlib.Algebra.Ring.Subsemiring.Defs (4.3s)
✔ [1050/1149] Built Mathlib.Data.Multiset.Range (2.9s)
✔ [1051/1149] Built Mathlib.GroupTheory.Subsemigroup.Centralizer (2.6s)
✔ [1052/1149] Built Mathlib.Algebra.Group.Subgroup.Basic (11s)
✔ [1053/1149] Built Mathlib.Algebra.Group.Subsemigroup.Membership (2.7s)
✔ [1054/1149] Built Mathlib.Data.Int.Cast.Prod (2.1s)
✔ [1055/1150] Built Mathlib.Algebra.Order.BigOperators.Ring.Multiset (2.9s)
✔ [1056/1150] Built Mathlib.Algebra.Module.LinearMap.Basic (4.2s)
✔ [1057/1150] Built Mathlib.Algebra.Module.ULift (3.7s)
✔ [1058/1150] Built Mathlib.Data.Finset.Dedup (2.6s)
✔ [1059/1153] Built Mathlib.Data.Multiset.Fold (2.6s)
✔ [1060/1153] Built Mathlib.Algebra.Order.Group.Multiset (2.7s)
✔ [1061/1155] Built Mathlib.Algebra.GroupWithZero.Center (2.1s)
✔ [1062/1155] Built Mathlib.Data.Multiset.FinsetOps (2.6s)
✔ [1063/1155] Built Mathlib.GroupTheory.Submonoid.Centralizer (2.6s)
✔ [1064/1158] Built Mathlib.Algebra.Ring.Subring.Defs (4.8s)
✔ [1065/1158] Built Mathlib.Algebra.Ring.Center (2.8s)
✔ [1066/1158] Built Mathlib.Algebra.Ring.Centralizer (2.0s)
✔ [1067/1158] Built Mathlib.GroupTheory.Subgroup.Center (3.5s)
✔ [1068/1158] Built Mathlib.Algebra.Ring.Submonoid.Basic (1.8s)
✔ [1069/1158] Built Mathlib.Algebra.Group.Subsemigroup.Operations (6.3s)
✔ [1070/1162] Built Mathlib.Algebra.Order.BigOperators.Group.Multiset (2.0s)
✔ [1071/1163] Built Mathlib.Data.Multiset.OrderedMonoid (2.4s)
✔ [1072/1163] Built Mathlib.Data.Multiset.Sum (2.5s)
✔ [1073/1168] Built Mathlib.Algebra.Ring.Prod (4.7s)
✔ [1074/1170] Built Mathlib.Algebra.Ring.Hom.InjSurj (1.6s)
✔ [1075/1170] Built Mathlib.Algebra.BigOperators.Group.Multiset.Basic (3.5s)
✔ [1076/1171] Built Mathlib.Data.Multiset.Lattice (2.7s)
✔ [1077/1172] Built Mathlib.Data.Finset.Lattice.Basic (3.1s)
✔ [1078/1173] Built Mathlib.Algebra.Group.Irreducible.Defs (1.7s)
✔ [1079/1178] Built Mathlib.Data.Finset.Insert (4.4s)
✔ [1080/1178] Built Mathlib.Algebra.Ring.Aut (2.9s)
✔ [1081/1178] Built Mathlib.Algebra.GroupWithZero.Action.Regular (2.1s)
✔ [1082/1178] Built Mathlib.Algebra.Group.Subgroup.Actions (3.3s)
✔ [1083/1178] Built Mathlib.Basic.Countable.Defs (1.6s)
✔ [1084/1178] Built Mathlib.Data.Multiset.Bind (3.3s)
✔ [1085/1178] Built Mathlib.Algebra.Prime.Defs (2.5s)
✔ [1086/1178] Built Mathlib.Algebra.Group.Subgroup.MulOpposite (2.0s)
✔ [1087/1178] Built Mathlib.Data.Nat.Bits (2.1s)
✔ [1088/1178] Built Mathlib.Algebra.Group.Graph (4.9s)
✔ [1089/1178] Built Mathlib.Algebra.Group.Irreducible.Lemmas (2.6s)
✔ [1090/1178] Built Mathlib.Algebra.Ring.Action.Group (3.0s)
✔ [1091/1178] Built Mathlib.Data.Finset.Lattice.Lemmas (2.0s)
✔ [1092/1180] Built Mathlib.Data.Finset.SDiff (3.3s)
✔ [1093/1180] Built Mathlib.Data.Finset.Range (2.9s)
✔ [1094/1181] Built Mathlib.Data.Nat.Pairing (2.6s)
✔ [1095/1181] Built Mathlib.Data.Finset.Disjoint (3.0s)
✔ [1096/1181] Built Mathlib.Data.Multiset.Sections (2.6s)
✔ [1097/1181] Built Mathlib.Algebra.Group.Subgroup.ZPowers.Basic (3.2s)
✔ [1098/1181] Built Mathlib.Data.Multiset.Pi (2.8s)
✔ [1099/1183] Built Mathlib.Data.Sigma.Lex (1.8s)
✔ [1100/1183] Built Mathlib.Data.Multiset.Powerset (3.1s)
✔ [1101/1185] Built Mathlib.Algebra.Prime.Lemmas (2.9s)
✔ [1102/1185] Built Mathlib.Logic.Equiv.Nat (2.1s)
✔ [1103/1186] Built Mathlib.Order.RelIso.Set (2.3s)
✔ [1104/1186] Built Mathlib.Algebra.Module.Equiv.Basic (14s)
✔ [1105/1188] Built Mathlib.Data.Nat.Order.Lemmas (1.9s)
✔ [1106/1191] Built Mathlib.Data.Prod.Lex (4.1s)
✔ [1107/1201] Built Mathlib.Data.Multiset.Antidiagonal (2.8s)
✔ [1108/1201] Built Mathlib.Data.Finset.Basic (4.6s)
✔ [1109/1206] Built Mathlib.Algebra.Group.Embedding (2.6s)
✔ [1110/1208] Built Mathlib.Data.Finset.Image (5.4s)
✔ [1111/1208] Built Mathlib.Order.Interval.Set.WithBotTop (3.6s)
✔ [1112/1210] Built Mathlib.Algebra.GroupWithZero.Associated (4.9s)
✔ [1113/1210] Built Mathlib.Logic.Encodable.Basic (4.5s)
✔ [1114/1210] Built Mathlib.GroupTheory.GroupAction.SubMulAction (9.9s)
✔ [1115/1210] Built Mathlib.Algebra.Group.Commutator (1.0s)
✔ [1116/1211] Built Mathlib.Order.ConditionallyCompleteLattice.Indexed (5.7s)
✔ [1117/1211] Built Mathlib.Algebra.BigOperators.Ring.Multiset (3.3s)
✔ [1118/1211] Built Mathlib.Order.Hom.WithTopBot (5.1s)
✔ [1119/1211] Built Mathlib.Data.Fintype.OfMap (2.4s)
✔ [1120/1211] Built Mathlib.Data.Finset.Fold (2.7s)
✔ [1121/1211] Built Mathlib.Data.Finset.BooleanAlgebra (3.2s)
✔ [1122/1212] Built Mathlib.Algebra.Group.Pointwise.Set.Lattice (3.8s)
✔ [1123/1214] Built Mathlib.Data.Finset.SymmDiff (2.9s)
✔ [1124/1214] Built Mathlib.Order.Minimal (6.0s)
✔ [1125/1214] Built Mathlib.Algebra.Order.Group.Action (2.6s)
✔ [1126/1218] Built Mathlib.Algebra.Group.Subgroup.MulOppositeLemmas (3.6s)
✔ [1127/1221] Built Mathlib.Data.Finset.Order (2.6s)
✔ [1128/1223] Built Mathlib.Data.Finset.Piecewise (3.2s)
✔ [1129/1226] Built Mathlib.Data.Set.Lattice.Order (2.8s)
✔ [1130/1227] Built Mathlib.Data.Finset.Union (4.3s)
✔ [1131/1230] Built Mathlib.Data.Fintype.Sets (4.1s)
✔ [1132/1230] Built Mathlib.Data.Finset.Card (7.5s)
✔ [1133/1233] Built Mathlib.Order.Cover (7.1s)
✔ [1134/1233] Built Mathlib.GroupTheory.Subgroup.Centralizer (4.9s)
✔ [1135/1234] Built Mathlib.Algebra.Module.Submodule.Defs (5.4s)
✔ [1136/1234] Built Mathlib.Order.Iterate (2.9s)
✔ [1137/1234] Built Mathlib.Order.CompleteLattice.Chain (1.9s)
✔ [1138/1234] Built Mathlib.Control.Monad.Basic (1.5s)
✔ [1139/1234] Built Mathlib.Tactic.FinCases (2.6s)
✔ [1140/1238] Built Mathlib.Order.Closure (3.0s)
✔ [1141/1238] Built Mathlib.Order.ScottContinuity (2.6s)
✔ [1142/1238] Built Mathlib.Dynamics.FixedPoints.Defs (1.6s)
✔ [1143/1238] Built Mathlib.Data.Fintype.Basic (3.6s)
✔ [1144/1242] Built Mathlib.Data.Part (3.7s)
✔ [1145/1242] Built Mathlib.Data.Finset.Option (3.1s)
✔ [1146/1242] Built Mathlib.Data.Finset.Pi (3.8s)
✔ [1147/1245] Built Mathlib.Data.Finset.Sum (3.9s)
✔ [1148/1245] Built Mathlib.Data.Finset.Prod (4.1s)
✔ [1149/1245] Built Mathlib.Order.Zorn (2.8s)
✔ [1150/1252] Built Mathlib.Algebra.Module.Torsion.Field (2.7s)
✔ [1151/1257] Built Mathlib.Algebra.Torsor.Defs (2.6s)
✔ [1152/1257] Built Mathlib.Order.Part (2.6s)
✔ [1153/1257] Built Mathlib.Data.Fintype.Card (3.8s)
✔ [1154/1257] Built Mathlib.Order.ModularLattice (5.1s)
✔ [1155/1257] Built Mathlib.Algebra.BigOperators.Group.Finset.Defs (7.7s)
✔ [1156/1257] Built Mathlib.Control.Applicative (1.9s)
✔ [1157/1258] Built Mathlib.LinearAlgebra.AffineSpace.Defs (1.7s)
✔ [1158/1258] Built Mathlib.Order.CompleteLattice.Finset (4.2s)
✔ [1159/1258] Built Mathlib.Data.Vector.Defs (2.0s)
✔ [1160/1263] Built Mathlib.LinearAlgebra.GeneralLinearGroup.Basic (4.1s)
✔ [1161/1264] Built Mathlib.Control.Traversable.Basic (2.3s)
✔ [1162/1264] Built Mathlib.Order.SuccPred.Basic (8.2s)
✔ [1163/1264] Built Mathlib.Data.Fintype.EquivFin (4.1s)
✔ [1164/1264] Built Mathlib.Data.Finset.Fin (3.4s)
✔ [1165/1264] Built Mathlib.GroupTheory.GroupAction.ConjAct (4.8s)
✔ [1166/1264] Built Mathlib.Order.OmegaCompletePartialOrder (7.2s)
✔ [1167/1264] Built Mathlib.Algebra.Torsor.Basic (8.4s)
✔ [1168/1264] Built Mathlib.Data.Finset.Lattice.Fold (10s)
✔ [1169/1264] Built Mathlib.Order.Interval.Set.Fin (6.5s)
✔ [1170/1264] Built Mathlib.Algebra.Module.Submodule.LinearMap (7.3s)
✔ [1171/1264] Built Mathlib.Data.Fintype.Sum (4.7s)
✔ [1172/1264] Built Mathlib.Data.Vector.Basic (6.7s)
✔ [1173/1264] Built Mathlib.Data.Fintype.Prod (4.8s)
✔ [1174/1264] Built Mathlib.Basic.Finite.Set (3.7s)
✔ [1175/1264] Built Mathlib.Data.Fintype.Option (3.4s)
✔ [1176/1264] Built Mathlib.Basic.Denumerable (4.6s)
✔ [1177/1265] Built Mathlib.Order.BourbakiWitt (4.0s)
✔ [1178/1265] Built Mathlib.Data.Set.Finite.Basic (6.1s)
✔ [1179/1271] Built Mathlib.Data.Finset.Lattice.Prod (4.7s)
✔ [1180/1271] Built Mathlib.Algebra.BigOperators.Group.Finset.Basic (14s)
✔ [1181/1271] Built Mathlib.Data.Finset.Sigma (5.4s)
✔ [1182/1273] Built Mathlib.Order.Atoms (11s)
✔ [1183/1274] Built Mathlib.Data.Finset.Lattice.Union (5.1s)
✔ [1184/1274] Built Mathlib.Algebra.Group.Submonoid.Membership (9.0s)
✔ [1185/1274] Built Mathlib.Algebra.Group.Pi.Torsion (3.5s)
✔ [1186/1274] Built Mathlib.Data.Finset.Max (8.1s)
✔ [1187/1274] Built Mathlib.Data.Sym.Basic (6.0s)
✔ [1188/1274] Built Mathlib.Order.Preorder.Finite (4.7s)
✔ [1189/1274] Built Mathlib.Data.List.Find (2.0s)
✔ [1190/1274] Built Mathlib.Algebra.FiniteSupport.Defs (3.9s)
✔ [1191/1274] Built Mathlib.Data.Fintype.Pi (5.1s)
✔ [1192/1276] Built Mathlib.Algebra.BigOperators.Option (3.6s)
✔ [1193/1279] Built Mathlib.Data.Set.Finite.Range (4.3s)
✔ [1194/1279] Built Mathlib.Algebra.BigOperators.GroupWithZero.Finset (3.6s)
✔ [1195/1279] Built Mathlib.Algebra.Order.BigOperators.GroupWithZero.Finset (4.3s)
✔ [1196/1279] Built Mathlib.Algebra.BigOperators.Group.Finset.Lemmas (3.3s)
✔ [1197/1279] Built Mathlib.Algebra.BigOperators.Group.Finset.Sigma (3.8s)
✔ [1198/1279] Built Mathlib.Algebra.BigOperators.Group.Finset.Piecewise (6.0s)
✔ [1199/1279] Built Mathlib.Data.Finset.Preimage (4.4s)
✔ [1200/1279] Built Mathlib.Data.Fintype.Sigma (5.1s)
✔ [1201/1279] Built Mathlib.Data.Multiset.Find (3.8s)
✔ [1202/1279] Built Mathlib.Data.Finset.NoncommProd (5.9s)
✔ [1203/1279] Built Mathlib.Data.Finset.Powerset (5.2s)
✔ [1204/1279] Built Mathlib.Algebra.GroupWithZero.NonZeroDivisors (5.7s)
✔ [1205/1279] Built Mathlib.Algebra.Notation.FiniteSupport (4.2s)
✔ [1206/1279] Built Mathlib.Algebra.BigOperators.Group.Finset.Pi (3.6s)
✔ [1207/1279] Built Mathlib.Data.Rat.BigOperators (3.5s)
✔ [1208/1279] Built Mathlib.Order.SupIndep (7.3s)
✔ [1209/1280] Built Mathlib.Basic.Finite.Prod (4.4s)
✔ [1210/1288] Built Mathlib.Algebra.BigOperators.Group.Finset.Preimage (2.8s)
✔ [1211/1294] Built Mathlib.Algebra.BigOperators.Pi (4.1s)
✔ [1212/1295] Built Mathlib.Data.Fintype.Powerset (3.2s)
✔ [1213/1295] Built Mathlib.Data.Set.Finite.Powerset (3.4s)
✔ [1214/1296] Built Mathlib.Data.Fintype.Vector (3.5s)
✔ [1215/1298] Built Mathlib.Algebra.Group.Fin.Basic (3.4s)
✔ [1216/1298] Built Mathlib.Algebra.Group.Submonoid.BigOperators (4.4s)
✔ [1217/1298] Built Mathlib.Data.Finsupp.Defs (5.1s)
✔ [1218/1299] Built Mathlib.Algebra.Order.BigOperators.Group.Finset (7.1s)
✔ [1219/1299] Built Mathlib.RingTheory.NonUnitalSubsemiring.Basic (7.4s)
✔ [1220/1299] Built Mathlib.Tactic.Algebra.Lemmas (3.8s)
✔ [1221/1301] Built Mathlib.Algebra.Order.GroupWithZero.Submonoid (2.0s)
✔ [1222/1301] Built Mathlib.Logic.Equiv.Fin.Rotate (2.7s)
✔ [1223/1301] Built Mathlib.Algebra.BigOperators.Ring.Finset (3.7s)
✔ [1224/1301] Built Mathlib.Data.Fintype.BigOperators (3.8s)
✔ [1225/1306] Built Mathlib.Algebra.Order.Algebra (4.8s)
✔ [1226/1306] Built Mathlib.Algebra.Module.Submodule.Basic (3.8s)
✔ [1227/1306] Built Mathlib.Order.Interval.Finset.Defs (9.9s)
✔ [1228/1307] Built Mathlib.Data.Set.Finite.Lattice (5.2s)
✔ [1229/1307] Built Mathlib.Tactic.LinearCombination.Lemmas (3.8s)
✔ [1230/1307] Built Mathlib.Data.Finsupp.Single (4.6s)
✔ [1231/1312] Built Mathlib.Tactic.FieldSimp.Attr (1.5s)
✔ [1232/1312] Built Mathlib.Algebra.Module.Submodule.Lattice (6.3s)
✔ [1233/1312] Built Mathlib.Algebra.NoZeroSMulDivisors.Defs (3.2s)
✔ [1234/1313] Built Mathlib.Tactic.Ring.Compare (4.9s)
✔ [1235/1313] Built Mathlib.Util.DischargerAsTactic (1.9s)
✔ [1236/1316] Built Mathlib.Algebra.Order.BigOperators.Ring.Finset (6.1s)
✔ [1237/1316] Built Mathlib.Algebra.FiniteSupport.Basic (4.9s)
✔ [1238/1316] Built Mathlib.RingTheory.NonUnitalSubring.Basic (8.0s)
✔ [1239/1316] Built Mathlib.Order.ConditionallyCompleteLattice.Finset (5.4s)
✔ [1240/1316] Built Mathlib.Data.Finsupp.Indicator (4.7s)
✔ [1241/1316] Built Mathlib.Order.Interval.Finset.Basic (7.0s)
✔ [1242/1316] Built Mathlib.Algebra.Group.Finsupp (6.2s)
✔ [1243/1316] Built Mathlib.Algebra.Ring.Subsemiring.Basic (9.0s)
✔ [1244/1316] Built Mathlib.Algebra.NoZeroSMulDivisors.Basic (2.6s)
✔ [1245/1316] Built Mathlib.Tactic.FieldSimp.Lemmas (5.3s)
✔ [1246/1316] Built Mathlib.Algebra.Module.Submodule.RestrictScalars (4.1s)
✔ [1247/1320] Built Mathlib.Tactic.LinearCombination (3.0s)
✔ [1248/1320] Built Mathlib.Tactic.FieldSimp.Discharger (3.0s)
✔ [1249/1320] Built Mathlib.Tactic.NoncommRing (3.1s)
✔ [1250/1320] Built Mathlib.LinearAlgebra.Span.Defs (6.6s)
✔ [1251/1321] Built Mathlib.Data.Finsupp.SMulWithZero (3.3s)
✔ [1252/1321] Built Mathlib.Order.Interval.Multiset (3.6s)
✔ [1253/1324] Built Mathlib.Data.Finsupp.Ext (3.1s)
✔ [1254/1324] Built Mathlib.Algebra.Module.Submodule.Map (9.3s)
✔ [1255/1324] Built Mathlib.Order.SupClosed (5.9s)
✔ [1256/1330] Built Mathlib.Algebra.Order.Archimedean.Defs (2.4s)
✔ [1257/1331] Built Mathlib.LinearAlgebra.Matrix.Defs (4.5s)
✔ [1258/1331] Built Mathlib.Data.Int.LeastGreatest (2.4s)
✔ [1259/1331] Built Mathlib.Order.Interval.Finset.Nat (4.2s)
✔ [1260/1331] Built Mathlib.Data.Rat.Cast.Lemmas (3.5s)
✔ [1261/1331] Built Mathlib.Algebra.Order.Ring.Pow (4.2s)
✔ [1262/1331] Built Mathlib.Algebra.Module.Submodule.Ker (5.5s)
✔ [1263/1334] Built Mathlib.LinearAlgebra.AffineSpace.AffineSubspace.Defs (7.8s)
✔ [1264/1336] Built Mathlib.Algebra.BigOperators.Finprod (12s)
✔ [1265/1336] Built Mathlib.Data.Matrix.Diagonal (4.3s)
✔ [1266/1336] Built Mathlib.Order.Interval.Set.Disjoint (4.0s)
✔ [1267/1336] Built Mathlib.Algebra.BigOperators.Finsupp.Basic (7.8s)
✔ [1268/1340] Built Mathlib.Order.Lattice.Nat (3.3s)
✔ [1269/1340] Built Mathlib.Algebra.Module.Submodule.EqLocus (3.1s)
✔ [1270/1340] Built Mathlib.Algebra.Ring.Subring.Basic (12s)
✔ [1271/1340] Built Mathlib.Algebra.Order.Floor.Defs (4.4s)
✔ [1272/1340] Built Mathlib.Algebra.Order.Group.Pointwise.Bounds (3.2s)
✔ [1273/1340] Built Mathlib.Algebra.Order.Nonneg.Module (3.7s)
✔ [1274/1340] Built Mathlib.Algebra.BigOperators.GroupWithZero.Action (4.1s)
✔ [1275/1340] Built Mathlib.Order.Interval.Finset.Fin (5.8s)
✔ [1276/1340] Built Mathlib.Algebra.Module.Submodule.Range (6.2s)
✔ [1277/1340] Built Mathlib.Order.ConditionallyCompleteLattice.Group (2.8s)
✔ [1278/1341] Built Mathlib.Order.OrderIsoNat (3.9s)
✔ [1279/1344] Built Mathlib.Data.FunLike.Group (4.5s)
✔ [1280/1347] Built Mathlib.Tactic.FieldSimp (19s)
✔ [1281/1347] Built Mathlib.Algebra.Order.Floor.Semiring (5.7s)
✔ [1282/1347] Built Mathlib.Data.Fintype.Fin (4.7s)
✔ [1283/1347] Built Mathlib.Order.WellQuasiOrder (4.6s)
✔ [1284/1347] Built Mathlib.Algebra.Algebra.Basic (9.5s)
✔ [1285/1347] Built Mathlib.Algebra.Order.Sub.WithTop (2.8s)
✔ [1286/1348] Built Mathlib.Order.CompactlyGenerated.Basic (7.1s)
✔ [1287/1348] Built Mathlib.Algebra.Module.Submodule.Equiv (8.5s)
✔ [1288/1348] Built Mathlib.Data.FunLike.Module (4.5s)
✔ [1289/1348] Built Mathlib.Algebra.Order.Group.Pointwise.CompleteLattice (10s)
✔ [1290/1348] Built Mathlib.Tactic.Field (4.1s)
✔ [1291/1348] Built Mathlib.Data.Matrix.Mul (11s)
✔ [1292/1353] Built Mathlib.Tactic.Finiteness (3.9s)
✔ [1293/1355] Built Mathlib.Data.Finsupp.Basic (16s)
✔ [1294/1355] Built Mathlib.Order.Interval.Set.OrdConnectedComponent (3.7s)
✔ [1295/1355] Built Mathlib.Order.WellFoundedSet (6.3s)
✔ [1296/1365] Built Mathlib.Algebra.Order.Ring.WithTop (10s)
✔ [1297/1365] Built Mathlib.Order.Filter.Defs (5.6s)
✔ [1298/1365] Built Mathlib.Algebra.Algebra.Hom (8.1s)
✔ [1299/1365] Built Mathlib.Data.Finsupp.Option (5.1s)
✔ [1300/1365] Built Mathlib.Data.Finsupp.SMul (5.2s)
✔ [1301/1365] Built Mathlib.Tactic.Algebra.Basic (10s)
✔ [1302/1366] Built Mathlib.Order.Interval.Set.Pi (5.4s)
✔ [1303/1371] Built Mathlib.Order.OrdContinuous (3.9s)
✔ [1304/1372] Built Mathlib.Algebra.Order.Floor.Ring (10s)
✔ [1305/1372] Built Mathlib.Algebra.Group.Submonoid.Pointwise (6.7s)
✔ [1306/1373] Built Mathlib.Data.ENat.Defs (2.1s)
✔ [1307/1375] Built Mathlib.Data.Set.Finite.Lemmas (3.7s)
✔ [1308/1375] Built Mathlib.LinearAlgebra.Finsupp.SumProd (4.4s)
✔ [1309/1375] Built Mathlib.Order.Filter.Basic (7.2s)
✔ [1310/1376] Built Mathlib.Logic.Equiv.List (3.7s)
✔ [1311/1376] Built Mathlib.Algebra.Order.Round (4.0s)
✔ [1312/1376] Built Mathlib.Algebra.BigOperators.Fin (19s)
✔ [1313/1376] Built Mathlib.Basic.Countable.Basic (3.2s)
✔ [1314/1376] Built Mathlib.Order.Heyting.Boundary (3.3s)
✔ [1315/1376] Built Mathlib.LinearAlgebra.Finsupp.Defs (9.6s)
✔ [1316/1376] Built Mathlib.Algebra.GroupWithZero.Submonoid.Pointwise (4.3s)
✔ [1317/1376] Built Mathlib.Algebra.Group.Submonoid.Units (6.5s)
✔ [1318/1376] Built Mathlib.Order.Filter.AtTopBot.Defs (2.0s)
✔ [1319/1378] Built Mathlib.Order.Filter.Finite (4.2s)
✔ [1320/1378] Built Mathlib.Algebra.Group.Subgroup.Pointwise (7.5s)
✔ [1321/1378] Built Mathlib.Data.Set.Countable (3.8s)
✔ [1322/1381] Built Mathlib.Algebra.Algebra.Equiv (14s)
✔ [1323/1381] Built Mathlib.Order.Filter.Map (5.2s)
✔ [1324/1381] Built Mathlib.Order.Filter.AtTopBot.Disjoint (2.6s)
✔ [1325/1381] Built Mathlib.Tactic.Continuity.Init (1.7s)
✔ [1326/1381] Built Mathlib.Data.Fin.Tuple.Reflection (5.0s)
✔ [1327/1381] Built Mathlib.Algebra.Ring.Subring.Units (3.7s)
✔ [1328/1381] Built Mathlib.LinearAlgebra.BilinearMap (23s)
✔ [1329/1401] Built Mathlib.Util.DelabNonCanonical (1.3s)
✔ [1330/1401] Built Mathlib.Tactic.Continuity (1.7s)
✔ [1331/1402] Built Mathlib.Order.Filter.Ker (2.3s)
✔ [1332/1406] Built Mathlib.Order.Filter.Tendsto (2.7s)
✔ [1333/1406] Built Mathlib.Algebra.GroupWithZero.Subgroup (3.5s)
✔ [1334/1406] Built Mathlib.LinearAlgebra.Finsupp.LSum (6.6s)
✔ [1335/1406] Built Mathlib.Data.Rat.Floor (8.2s)
✔ [1336/1406] Built Mathlib.Algebra.Algebra.Prod (4.1s)
✔ [1337/1406] Built Mathlib.Order.Filter.Bases.Basic (4.8s)
✔ [1338/1409] Built Mathlib.Topology.Defs.Basic (3.4s)
✔ [1339/1409] Built Mathlib.Order.Filter.AtTopBot.Tendsto (3.7s)
✔ [1340/1410] Built Mathlib.Data.Set.Constructions (4.1s)
✔ [1341/1410] Built Mathlib.Basic.Rel (6.2s)
✔ [1342/1417] Built Mathlib.Topology.ContinuousMap.Defs (2.9s)
✔ [1343/1417] Built Mathlib.Order.Filter.Prod (5.6s)
✔ [1344/1417] Built Mathlib.LinearAlgebra.Finsupp.Supported (5.5s)
✔ [1345/1420] Built Mathlib.LinearAlgebra.Dual.Defs (8.1s)
✔ [1346/1420] Built Mathlib.Order.Filter.Bases.Finite (3.9s)
✔ [1347/1420] Built Mathlib.Topology.Defs.Filter (3.9s)
✔ [1348/1420] Built Mathlib.Algebra.Module.Submodule.Pointwise (7.7s)
✔ [1349/1420] Built Mathlib.Data.Fintype.Order (4.7s)
✔ [1350/1421] Built Mathlib.Algebra.Order.Archimedean.Basic (7.8s)
✔ [1351/1421] Built Mathlib.Order.Filter.AtTopBot.Basic (4.6s)
✔ [1352/1421] Built Mathlib.Order.Filter.Curry (3.2s)
✔ [1353/1421] Built Mathlib.Order.ZornAtoms (3.6s)
✔ [1354/1421] Built Mathlib.Order.Filter.Lift (3.8s)
✔ [1355/1421] Built Mathlib.Order.Filter.Pi (4.2s)
✔ [1356/1421] Built Mathlib.Order.Filter.CountablyGenerated (3.3s)
✔ [1357/1421] Built Mathlib.Topology.Basic (3.5s)
✔ [1358/1425] Built Mathlib.Tactic.TautoSet (2.7s)
✔ [1359/1425] Built Mathlib.Order.PartialSups (3.0s)
✔ [1360/1427] Built Mathlib.Order.Filter.AtTopBot.Finite (4.2s)
✔ [1361/1427] Built Mathlib.Order.Filter.AtTopBot.Prod (3.9s)
✔ [1362/1435] Built Mathlib.Order.Filter.SmallSets (3.1s)
✔ [1363/1435] Built Mathlib.Algebra.Order.Archimedean.Real.Basic (5.5s)
✔ [1364/1435] Built Mathlib.Order.Filter.Ultrafilter.Defs (4.6s)
✔ [1365/1435] Built Mathlib.LinearAlgebra.Finsupp.LinearCombination (9.6s)
✔ [1366/1435] Built Mathlib.Order.Filter.Cofinite (4.5s)
✔ [1367/1435] Built Mathlib.Topology.Closure (5.5s)
✔ [1368/1435] Built Mathlib.Topology.Defs.Induced (4.6s)
✔ [1369/1437] Built Mathlib.Order.SetAccumulate (4.1s)
✔ [1370/1437] Built Mathlib.Order.Filter.AtTopBot.CountablyGenerated (4.3s)
✔ [1371/1437] Built Mathlib.LinearAlgebra.Span.Basic (9.0s)
✔ [1372/1439] Built Mathlib.Topology.Defs.Ultrafilter (3.1s)
✔ [1373/1439] Built Mathlib.Order.Filter.Interval (6.3s)
✔ [1374/1439] Built Mathlib.Order.Filter.Ultrafilter.Basic (3.8s)
✔ [1375/1441] Built Mathlib.Order.UpperLower.Basic (7.8s)
✔ [1376/1441] Built Mathlib.Topology.Bornology.Basic (4.1s)
✔ [1377/1441] Built Mathlib.Topology.Neighborhoods (4.2s)
✔ [1378/1443] Built Mathlib.Topology.WithTopology (4.7s)
✔ [1379/1443] Built Mathlib.Order.Filter.CountableInter (5.3s)
✔ [1380/1443] Built Mathlib.Logic.Equiv.Sigma (3.4s)
✔ [1381/1443] Built Mathlib.Order.UpperLower.Fibration (3.5s)
✔ [1382/1450] Built Mathlib.LinearAlgebra.LinearIndependent.Defs (9.1s)
✔ [1383/1451] Built Mathlib.Basic.NNReal.Defs (9.9s)
✔ [1384/1451] Built Mathlib.Data.Set.Functor (3.5s)
✔ [1385/1452] Built Mathlib.Data.Set.BoolIndicator (2.4s)
✔ [1386/1452] Built Mathlib.Topology.NhdsSet (3.8s)
✔ [1387/1452] Built Mathlib.Order.UpperLower.CompleteLattice (6.5s)
✔ [1388/1452] Built Mathlib.Topology.ClusterPt (4.2s)
✔ [1389/1452] Built Mathlib.Basic.Finite.Sigma (3.6s)
✔ [1390/1452] Built Mathlib.Algebra.Algebra.Tower (8.4s)
✔ [1391/1452] Built Mathlib.Order.SuccPred.Archimedean (5.5s)
✔ [1392/1452] Built Mathlib.Data.Set.Subset (3.7s)
✔ [1393/1453] Built Mathlib.Algebra.Order.Module.Field (5.3s)
✔ [1394/1462] Built Mathlib.Tactic.Group (5.0s)
✔ [1395/1465] Built Mathlib.Order.UpperLower.Principal (4.9s)
✔ [1396/1465] Built Mathlib.Topology.Continuous (4.7s)
✔ [1397/1465] Built Mathlib.Basic.ENNReal.Basic (8.7s)
✔ [1398/1465] Built Mathlib.Basic.Rel.Separated (2.6s)
✔ [1399/1465] Built Mathlib.LinearAlgebra.Prod (16s)
✔ [1400/1466] Built Mathlib.Order.SuccPred.Relation (3.6s)
✔ [1401/1467] Built Mathlib.LinearAlgebra.LinearIndependent.Basic (10s)
✔ [1402/1467] Built Mathlib.Algebra.Algebra.Rat (3.4s)
✔ [1403/1467] Built Mathlib.Algebra.Order.Ring.NNRat (2.8s)
✔ [1404/1469] Built Mathlib.Topology.Ultrafilter (3.2s)
✔ [1405/1469] Built Mathlib.Order.UpperLower.Closure (4.4s)
✔ [1406/1471] Built Mathlib.Basic.Rel.Cover (2.4s)
✔ [1407/1472] Built Mathlib.Topology.Separation.SeparatedNhds (3.9s)
✔ [1408/1472] Built Mathlib.Analysis.Normed.Group.Seminorm (12s)
✔ [1409/1475] Built Mathlib.Topology.Order (5.2s)
✔ [1410/1475] Built Mathlib.Basic.ENNReal.Real (5.1s)
✔ [1411/1476] Built Mathlib.Algebra.Group.Pointwise.Set.Finite (4.1s)
✔ [1412/1476] Built Mathlib.Algebra.Group.Pointwise.Set.ListOfFn (3.6s)
✔ [1413/1479] Built Mathlib.Algebra.Order.Nonneg.Floor (3.3s)
✔ [1414/1479] Built Mathlib.Algebra.BigOperators.Group.Finset.Indicator (3.7s)
✔ [1415/1483] Built Mathlib.Data.Finset.NAry (5.3s)
✔ [1416/1483] Built Mathlib.Topology.Maps.Basic (4.9s)
✔ [1417/1484] Built Mathlib.Topology.UniformSpace.Defs (5.2s)
✔ [1418/1484] Built Mathlib.Algebra.Order.Module.Pointwise (4.5s)
✔ [1419/1484] Built Mathlib.Order.SuccPred.WithBot (3.7s)
✔ [1420/1503] Built Mathlib.Data.Finset.Density (9.0s)
✔ [1421/1503] Built Mathlib.Order.Interval.Set.SuccPred (4.8s)
✔ [1422/1504] Built Mathlib.LinearAlgebra.Pi (11s)
✔ [1423/1504] Built Mathlib.Basic.ENNReal.Operations (7.4s)
✔ [1424/1505] Built Mathlib.Topology.Maps.OpenQuotient (3.6s)
✔ [1425/1505] Built Mathlib.Topology.UniformSpace.OfFun (3.4s)
✔ [1426/1505] Built Mathlib.Order.SuccPred.Limit (7.5s)
✔ [1427/1511] Built Mathlib.Basic.Real.Pointwise (4.6s)
✔ [1428/1511] Built Mathlib.Topology.Bornology.Constructions (3.5s)
✔ [1429/1511] Built Mathlib.Order.Filter.AtTopBot.CompleteLattice (3.1s)
✔ [1430/1517] Built Mathlib.Order.Filter.AtTopBot.Map (2.9s)
✔ [1431/1519] Built Mathlib.Order.Interval.Finset.SuccPred (5.1s)
✔ [1432/1520] Built Mathlib.Order.Filter.AtTopBot.Monoid (4.6s)
✔ [1433/1520] Built Mathlib.Topology.Homeomorph.Defs (6.7s)
✔ [1434/1520] Built Mathlib.Algebra.Order.SuccPred (6.3s)
✔ [1435/1520] Built Mathlib.Tactic.Module (26s)
✔ [1436/1520] Built Mathlib.Algebra.Group.EvenFunction (4.8s)
✔ [1437/1520] Built Mathlib.Basic.ENNReal.Inv (9.1s)
✔ [1438/1520] Built Mathlib.Basic.ENNReal.Lemmas (5.4s)
✔ [1439/1524] Built Mathlib.Data.EReal.Basic (8.9s)
✔ [1440/1528] Built Mathlib.Logic.Encodable.Lattice (3.4s)
✔ [1441/1528] Built Mathlib.Order.Filter.AtTopBot.Group (3.2s)
✔ [1442/1531] Built Mathlib.Algebra.Group.Pointwise.Finset.Basic (14s)
✔ [1443/1531] Built Mathlib.Order.Filter.AtTopBot.Finset (3.2s)
✔ [1444/1535] Built Mathlib.Data.Nat.SuccPred (2.7s)
✔ [1445/1536] Built Mathlib.Data.ENat.Basic (3.1s)
✔ [1446/1539] Built Mathlib.Algebra.Group.ModEq (2.9s)
✔ [1447/1541] Built Mathlib.Algebra.Order.Interval.Finset.SuccPred (4.3s)
✔ [1448/1541] Built Mathlib.Tactic.ModuleNF (4.3s)
✔ [1449/1541] Built Mathlib.Logic.Small.Defs (2.3s)
✔ [1450/1541] Built Mathlib.Data.Nat.GCD.Basic (4.2s)
✔ [1451/1549] Built Mathlib.Topology.Constructions.SumProd (7.6s)
✔ [1452/1549] Built Mathlib.SetTheory.Cardinal.Defs (2.0s)
✔ [1453/1549] Built Mathlib.Data.ENat.Monoid (4.9s)
✔ [1454/1549] Built Mathlib.Algebra.BigOperators.Expect (6.8s)
✔ [1455/1549] Built Mathlib.Basic.UnivLE (1.0s)
✔ [1456/1549] Built Mathlib.Order.SuccPred.CompleteLinearOrder (4.9s)
✔ [1457/1549] Built Mathlib.Logic.Small.Basic (2.4s)
✔ [1458/1549] Built Mathlib.Algebra.Order.Hom.Monoid (9.1s)
✔ [1459/1549] Built Mathlib.LinearAlgebra.AffineSpace.AffineMap (21s)
✔ [1460/1551] Built Mathlib.Order.Hom.Order (3.7s)
✔ [1461/1551] Built Mathlib.Data.Sum.Order (8.8s)
✔ [1462/1551] Built Mathlib.Data.ENat.SuccOrder (4.1s)
✔ [1463/1551] Built Mathlib.Data.Nat.ModEq (5.2s)
✔ [1464/1552] Built Mathlib.Basic.Countable.Small (3.0s)
✔ [1465/1552] Built Mathlib.Logic.Small.Set (3.9s)
✔ [1466/1552] Built Mathlib.Basic.NNReal.Basic (6.2s)
✔ [1467/1555] Built Mathlib.LinearAlgebra.Ray (11s)
✔ [1468/1559] Built Mathlib.Order.Filter.NAry (3.8s)
✔ [1469/1559] Built Mathlib.Topology.Constructions (9.5s)
✔ [1470/1559] Built Mathlib.LinearAlgebra.LinearIndependent.Lemmas (12s)
✔ [1471/1559] Built Mathlib.Order.FixedPoints (5.0s)
✔ [1472/1563] Built Mathlib.Data.ENat.Pow (4.3s)
✔ [1473/1565] Built Mathlib.Algebra.Order.Hom.MonoidWithZero (6.3s)
✔ [1474/1565] Built Mathlib.Order.Hom.Lex (5.4s)
✔ [1475/1565] Built Mathlib.Data.Set.UnionLift (2.8s)
✔ [1476/1565] Built Mathlib.Topology.Algebra.Monoid.Defs (3.8s)
✔ [1477/1565] Built Mathlib.Data.ZMod.Defs (4.2s)
✔ [1478/1569] Built Mathlib.Topology.GDelta.Basic (3.8s)
✔ [1479/1577] Built Mathlib.SetTheory.Cardinal.SchroederBernstein (4.4s)
✔ [1480/1578] Built Mathlib.Order.Filter.AtTopBot.BigOperators (3.8s)
✔ [1481/1581] Built Mathlib.Topology.NhdsWithin (5.3s)
✔ [1482/1581] Built Mathlib.Topology.Algebra.Group.Defs (4.1s)
✔ [1483/1584] Built Mathlib.Order.Filter.IsBounded (5.7s)
✔ [1484/1586] Built Mathlib.Algebra.Order.Hom.Ring (5.5s)
✔ [1485/1586] Built Mathlib.Order.InitialSeg (5.8s)
✔ [1486/1588] Built Mathlib.Order.Filter.AtTopBot.Ring (2.9s)
✔ [1487/1588] Built Mathlib.Topology.Baire.Lemmas (4.7s)
✔ [1488/1589] Built Mathlib.Order.Filter.Pointwise (9.8s)
✔ [1489/1593] Built Mathlib.Topology.LocallyClosed (4.6s)
✔ [1490/1600] Built Mathlib.Algebra.Field.Subfield.Defs (5.4s)
✔ [1491/1600] Built Mathlib.Topology.ContinuousOn (6.2s)
✔ [1492/1600] Built Mathlib.Order.Filter.AtTopBot.Field (4.3s)
✔ [1493/1600] Built Mathlib.Order.Filter.Extr (5.3s)
✔ [1494/1600] Built Mathlib.SetTheory.Cardinal.Order (5.6s)
✔ [1495/1600] Built Mathlib.Data.List.NatAntidiagonal (3.8s)
✔ [1496/1600] Built Mathlib.Data.Fintype.Pigeonhole (4.0s)
✔ [1497/1600] Built Mathlib.LinearAlgebra.AffineSpace.AffineEquiv (20s)
✔ [1498/1600] Built Mathlib.Order.LiminfLimsup (8.6s)
✔ [1499/1600] Built Mathlib.Algebra.Order.Antidiag.Prod (5.9s)
✔ [1500/1600] Built Mathlib.Algebra.Order.Interval.Finset.Basic (3.4s)
✔ [1501/1604] Built Mathlib.Topology.Algebra.ContinuousMonoidHom (9.3s)
✔ [1502/1604] Built Mathlib.Topology.Clopen (3.4s)
✔ [1503/1604] Built Mathlib.Topology.LocallyFinite (4.1s)
✔ [1504/1604] Built Mathlib.Topology.Inseparable (6.4s)
✔ [1505/1604] Built Mathlib.Topology.Piecewise (4.6s)
✔ [1506/1604] Built Mathlib.Topology.Order.LeftRight (5.6s)
✔ [1507/1605] Built Mathlib.Data.Multiset.NatAntidiagonal (4.5s)
✔ [1508/1605] Built Mathlib.Topology.Bases (9.9s)
✔ [1509/1606] Built Mathlib.Topology.UniformSpace.Basic (9.1s)
✔ [1510/1606] Built Mathlib.Topology.Order.LocalExtr (7.0s)
✔ [1511/1606] Built Mathlib.SetTheory.Cardinal.Basic (8.7s)
✔ [1512/1606] Built Mathlib.Topology.Compactness.Compact (9.8s)
✔ [1513/1606] Built Mathlib.Order.SuccPred.LinearLocallyFinite (6.7s)
✔ [1514/1606] Built Mathlib.LinearAlgebra.AffineSpace.Midpoint (6.9s)
✔ [1515/1606] Built Mathlib.Data.Finset.NatAntidiagonal (4.3s)
✔ [1516/1606] Built Mathlib.Topology.UniformSpace.DiscreteUniformity (3.9s)
✔ [1517/1606] Built Mathlib.Algebra.Star.Basic (6.3s)
✔ [1518/1607] Built Mathlib.Topology.Algebra.InfiniteSum.SummationFilter (9.4s)
✔ [1519/1608] Built Mathlib.Topology.Order.Bornology (4.0s)
✔ [1520/1615] Built Mathlib.SetTheory.Cardinal.ENat (5.6s)
✔ [1521/1622] Built Mathlib.Topology.Compactness.LocallyFinite (4.5s)
✔ [1522/1624] Built Mathlib.Topology.UniformSpace.Compact (4.0s)
✔ [1523/1625] Built Mathlib.Topology.Compactness.LocallyCompact (5.2s)
✔ [1524/1629] Built Mathlib.Order.Disjointed (5.5s)
✔ [1525/1629] Built Mathlib.Data.EReal.Operations (10s)
✔ [1526/1633] Built Mathlib.Topology.EMetricSpace.Defs (10s)
✔ [1527/1633] Built Mathlib.Algebra.BigOperators.NatAntidiagonal (4.7s)
✔ [1528/1638] Built Mathlib.Data.Int.ConditionallyCompleteOrder (3.3s)
✔ [1529/1643] Built Mathlib.SetTheory.Cardinal.ToNat (4.8s)
✔ [1530/1647] Built Mathlib.Tactic.Order.CollectFacts (6.5s)
✔ [1531/1647] Built Mathlib.Data.Int.Interval (5.5s)
✔ [1532/1647] Built Mathlib.Topology.Compactness.SigmaCompact (5.5s)
✔ [1533/1647] Built Mathlib.Algebra.Ring.Torsion (3.8s)
✔ [1534/1647] Built Mathlib.Analysis.Convex.Segment (12s)
✔ [1535/1648] Built Mathlib.Algebra.Order.BigOperators.Group.LocallyFinite (7.1s)
✔ [1536/1650] Built Mathlib.Topology.Separation.Basic (8.5s)
✔ [1537/1650] Built Mathlib.Tactic.Order.Graph.Basic (3.0s)
✔ [1538/1650] Built Mathlib.Tactic.Order.Preprocessing (4.8s)
✔ [1539/1650] Built Mathlib.Tactic.Order.ToInt (5.0s)
✔ [1540/1651] Built Mathlib.SetTheory.Cardinal.Finite (7.3s)
✔ [1541/1651] Built Mathlib.Algebra.BigOperators.Balance (6.0s)
✔ [1542/1651] Built Mathlib.GroupTheory.Congruence.Defs (10s)
✔ [1543/1654] Built Mathlib.Tactic.Order.Graph.Tarjan (2.0s)
✔ [1544/1654] Built Mathlib.Algebra.Module.Rat (6.3s)
✔ [1545/1655] Built Mathlib.Topology.MetricSpace.Pseudo.Defs (14s)
✔ [1546/1655] Built Mathlib.Topology.Compactness.Lindelof (8.8s)
✔ [1547/1656] Built Mathlib.Algebra.Order.Group.Opposite (5.1s)
✔ [1548/1656] Built Mathlib.GroupTheory.Congruence.Opposite (5.1s)
✔ [1549/1656] Built Mathlib.Topology.DiscreteSubset (10s)
✔ [1550/1656] Built Mathlib.Analysis.Convex.Star (11s)
✔ [1551/1656] Built Mathlib.Algebra.BigOperators.Intervals (11s)
✔ [1552/1656] Built Mathlib.GroupTheory.Congruence.Hom (6.8s)
✔ [1553/1656] Built Mathlib.Algebra.Order.Module.Rat (5.5s)
✔ [1554/1660] Built Mathlib.RingTheory.Congruence.Defs (9.6s)
✔ [1555/1660] Built Mathlib.Algebra.Field.Opposite (6.5s)
✔ [1556/1660] Built Mathlib.Tactic.Order (7.2s)
✔ [1557/1660] Built Mathlib.Tactic.ContinuousFunctionalCalculus (2.0s)
✔ [1558/1661] Built Mathlib.Basic.Complex.Basic (15s)
✔ [1559/1661] Built Mathlib.Algebra.Star.StarRingHom (7.1s)
✔ [1560/1662] Built Mathlib.Topology.MetricSpace.Defs (5.5s)
✔ [1561/1662] Built Mathlib.Algebra.GroupWithZero.Idempotent (2.4s)
✔ [1562/1665] Built Mathlib.Topology.MetricSpace.Pseudo.Constructions (6.7s)
✔ [1563/1665] Built Mathlib.Algebra.Star.Rat (4.2s)
✔ [1564/1668] Built Mathlib.Topology.Irreducible (5.9s)
✔ [1565/1668] Built Mathlib.Algebra.Ring.GeomSum (6.1s)
✔ [1566/1675] Built Mathlib.Algebra.Star.Pi (4.8s)
✔ [1567/1676] Built Mathlib.Algebra.Ring.Idempotent (3.9s)
✔ [1568/1677] Built Mathlib.GroupTheory.Congruence.Basic (6.9s)
✔ [1569/1677] Built Mathlib.Algebra.Order.BigOperators.Expect (8.4s)
✔ [1570/1678] Built Mathlib.Algebra.Module.Submodule.Bilinear (6.5s)
✔ [1571/1678] Built Mathlib.Algebra.Group.TransferInstance (5.9s)
✔ [1572/1678] Built Mathlib.Analysis.Convex.Basic (11s)
✔ [1573/1678] Built Mathlib.Algebra.Group.Pointwise.Set.BigOperators (5.6s)
✔ [1574/1680] Built Mathlib.Topology.Separation.Hausdorff (6.7s)
✔ [1575/1682] Built Mathlib.Algebra.Module.Submodule.Finsupp (5.8s)
✔ [1576/1682] Built Mathlib.Algebra.Star.SelfAdjoint (9.5s)
✔ [1577/1682] Built Mathlib.Algebra.Ring.NonZeroDivisors (4.3s)
✔ [1578/1682] Built Mathlib.Algebra.Algebra.Opposite (8.3s)
✔ [1579/1682] Built Mathlib.RingTheory.Congruence.Basic (6.7s)
✔ [1580/1682] Built Mathlib.Algebra.Ring.Submonoid.Pointwise (4.7s)
✔ [1581/1682] Built Mathlib.Algebra.Group.Action.TransferInstance (3.5s)
✔ [1582/1682] Built Mathlib.Algebra.Algebra.NonUnitalHom (13s)
✔ [1583/1686] Built Mathlib.Analysis.Convex.Hull (4.7s)
✔ [1584/1686] Built Mathlib.Topology.Algebra.InfiniteSum.Defs (5.5s)
✔ [1585/1686] Built Mathlib.Algebra.Star.StarProjection (3.7s)
✔ [1586/1686] Built Mathlib.GroupTheory.GroupAction.SubMulAction.Pointwise (4.3s)
✔ [1587/1688] Built Mathlib.Topology.ContinuousMap.Basic (5.6s)
✔ [1588/1688] Built Mathlib.RingTheory.Congruence.Opposite (3.0s)
✔ [1589/1688] Built Mathlib.Topology.Algebra.Support (5.5s)
✔ [1590/1688] Built Mathlib.Algebra.Order.Kleene (5.4s)
✔ [1591/1690] Built Mathlib.LinearAlgebra.TensorProduct.Defs (9.8s)
✔ [1592/1690] Built Mathlib.Algebra.GroupWithZero.Action.TransferInstance (3.9s)
✔ [1593/1690] Built Mathlib.Algebra.Group.Shrink (3.7s)
✔ [1594/1692] Built Mathlib.Topology.Order.OrderClosed (7.9s)
✔ [1595/1693] Built Mathlib.Algebra.Module.LinearMap.Star (2.8s)
✔ [1596/1695] Built Mathlib.RingTheory.TwoSidedIdeal.Basic (4.3s)
✔ [1597/1695] Built Mathlib.Data.Set.Semiring (4.2s)
✔ [1598/1695] Built Mathlib.Algebra.Module.TransferInstance (3.9s)
✔ [1599/1695] Built Mathlib.Algebra.Order.Star.Basic (6.3s)
✔ [1600/1695] Built Mathlib.Algebra.Algebra.Pi (5.4s)
✔ [1601/1695] Built Mathlib.Topology.Connected.Basic (5.3s)
✔ [1602/1695] Built Mathlib.Topology.Algebra.InfiniteSum.Basic (9.0s)
✔ [1603/1695] Built Mathlib.Algebra.Star.Pointwise (4.4s)
✔ [1604/1697] Built Mathlib.Algebra.Star.Prod (3.9s)
✔ [1605/1697] Built Funk.Polar (11s)
✔ [1606/1698] Built Mathlib.RingTheory.TwoSidedIdeal.Lattice (4.3s)
✔ [1607/1698] Built Mathlib.Algebra.Module.Shrink (3.4s)
✔ [1608/1699] Built Mathlib.LinearAlgebra.TensorProduct.Basic (11s)
✔ [1609/1699] Built Mathlib.Algebra.Star.Module (7.4s)
✔ [1610/1701] Built Mathlib.Algebra.Star.Center (3.7s)
✔ [1611/1702] Built Mathlib.RingTheory.SimpleRing.Defs (3.0s)
✔ [1612/1702] Built Mathlib.RingTheory.TwoSidedIdeal.Kernel (4.1s)
✔ [1613/1703] Built Mathlib.Algebra.Order.SuccPred.WithBot (3.7s)
✔ [1614/1703] Built Mathlib.Topology.Connected.Clopen (7.4s)
✔ [1615/1705] Built Mathlib.Topology.Order.Basic (12s)
✔ [1616/1705] Built Mathlib.Data.ENat.Lattice (5.3s)
✔ [1617/1705] Built Mathlib.Algebra.Algebra.NonUnitalSubalgebra (20s)
✔ [1618/1705] Built Mathlib.RingTheory.SimpleRing.Basic (5.5s)
✔ [1619/1705] Built Mathlib.Algebra.Module.BigOperators (5.5s)
✔ [1620/1705] Built Mathlib.Data.Fintype.Lattice (5.0s)
✔ [1621/1705] Built Mathlib.Topology.Connected.LocallyConnected (5.4s)
✔ [1622/1706] Built Mathlib.Data.DFinsupp.Defs (11s)
✔ [1623/1706] Built Mathlib.Topology.Connected.TotallyDisconnected (5.5s)
✔ [1624/1707] Built Mathlib.Topology.Separation.Regular (6.7s)
✔ [1625/1707] Built Mathlib.Topology.Instances.Discrete (4.8s)
✔ [1626/1707] Built Mathlib.Topology.Order.MonotoneConvergence (5.7s)
✔ [1627/1707] Built Mathlib.Algebra.Star.StarAlgHom (19s)
✔ [1628/1707] Built Mathlib.RingTheory.Coprime.Basic (6.4s)
✔ [1629/1707] Built Mathlib.Order.RelSeries (14s)
✔ [1630/1707] Built Mathlib.Topology.Order.LeftRightNhds (8.3s)
✔ [1631/1707] Built Mathlib.Algebra.Algebra.IsSimpleRing (4.0s)
✔ [1632/1707] Built Mathlib.Algebra.Field.IsField (4.8s)
✔ [1633/1707] Built Mathlib.Data.DFinsupp.Module (5.6s)
✔ [1634/1707] Built Mathlib.Topology.Order.T5 (4.1s)
✔ [1635/1707] Built Mathlib.Data.Nat.Choose.Sum (5.8s)
✔ [1636/1710] Built Mathlib.Topology.DenseEmbedding (4.6s)
✔ [1637/1715] Built Mathlib.Topology.UniformSpace.Separation (4.8s)
✔ [1638/1715] Built Mathlib.LinearAlgebra.TensorProduct.Map (22s)
✔ [1639/1717] Built Mathlib.RingTheory.Coprime.Lemmas (5.6s)
✔ [1640/1719] Built Mathlib.Topology.Order.MonotoneContinuity (5.1s)
✔ [1641/1724] Built Mathlib.Topology.Algebra.Order.Group (5.8s)
✔ [1642/1724] Built Mathlib.Topology.Order.Real (5.4s)
✔ [1643/1725] Built Mathlib.Order.KrullDimension (8.3s)
✔ [1644/1729] Built Mathlib.Topology.Order.IsLUB (6.0s)
✔ [1645/1729] Built Mathlib.RingTheory.Ideal.Defs (4.5s)
✔ [1646/1730] Built Mathlib.Algebra.Algebra.Subalgebra.Basic (18s)
✔ [1647/1736] Built Mathlib.Algebra.Star.MonoidHom (5.2s)
✔ [1648/1748] Built Mathlib.Data.Rat.Encodable (3.1s)
✔ [1649/1748] Built Mathlib.Algebra.BigOperators.WithTop (3.9s)
✔ [1650/1748] Built Mathlib.Topology.Homeomorph.Lemmas (7.9s)
✔ [1651/1748] Built Mathlib.Algebra.Algebra.Bilinear (7.3s)
✔ [1652/1748] Built Mathlib.Topology.Defs.Sequences (2.5s)
✔ [1653/1748] Built Mathlib.RingTheory.Ideal.Lattice (3.5s)
✔ [1654/1752] Built Mathlib.Topology.Order.DenselyOrdered (5.2s)
✔ [1655/1752] Built Mathlib.Dynamics.FixedPoints.Basic (3.8s)
✔ [1656/1753] Built Mathlib.Topology.Order.Monotone (6.4s)
✔ [1657/1753] Built Mathlib.Data.List.Permutation (4.6s)
✔ [1658/1753] Built Mathlib.Analysis.Normed.Group.Defs (8.3s)
✔ [1659/1757] Built Mathlib.Basic.ENNReal.BigOperators (5.4s)
✔ [1660/1757] Built Mathlib.Topology.Algebra.Constructions (5.5s)
✔ [1661/1757] Built Mathlib.Topology.Maps.Proper.Basic (4.6s)
✔ [1662/1757] Built Mathlib.Topology.Coherent (3.8s)
✔ [1663/1757] Built Mathlib.Algebra.Quotient (2.8s)
✔ [1664/1757] Built Mathlib.RingTheory.Ideal.Prime (3.9s)
✔ [1665/1757] Built Mathlib.Topology.MetricSpace.Pseudo.Lemmas (4.8s)
✔ [1666/1757] Built Mathlib.RingTheory.Ideal.Span (5.3s)
✔ [1667/1757] Built Mathlib.Data.Fintype.List (3.0s)
✔ [1668/1757] Built Mathlib.Topology.Algebra.Star (4.7s)
✔ [1669/1758] Built Mathlib.Topology.Order.LiminfLimsup (6.8s)
✔ [1670/1761] Built Mathlib.GroupTheory.GroupAction.Basic (7.8s)
✔ [1671/1762] Built Mathlib.GroupTheory.Coset.Defs (5.7s)
✔ [1672/1762] Built Mathlib.Topology.Order.IntermediateValue (9.0s)
✔ [1673/1762] Built Mathlib.Topology.UniformSpace.Cauchy (7.4s)
✔ [1674/1766] Built Mathlib.RingTheory.Ideal.Maximal (6.3s)
✔ [1675/1766] Built Mathlib.Algebra.Algebra.Operations (15s)
✔ [1676/1766] Built Mathlib.Algebra.Module.LinearMap.DivisionRing (5.1s)
✔ [1677/1766] Built Mathlib.Data.FunLike.Ring (3.4s)
✔ [1678/1766] Built Mathlib.Order.Sublattice (6.6s)
✔ [1679/1766] Built Mathlib.Topology.Algebra.ConstMulAction (14s)
✔ [1680/1769] Built Mathlib.Data.List.Cycle (10s)
✔ [1681/1769] Built Mathlib.Topology.Order.Compact (6.2s)
✔ [1682/1769] Built Mathlib.Algebra.Star.NonUnitalSubalgebra (35s)
✔ [1683/1773] Built Mathlib.RingTheory.Ideal.Nonunits (5.2s)
✔ [1684/1773] Built Mathlib.Topology.UniformSpace.UniformConvergence (5.6s)
✔ [1685/1773] Built Mathlib.Topology.UniformSpace.UniformEmbedding (6.1s)
✔ [1686/1777] Built Mathlib.GroupTheory.Coset.Basic (9.0s)
✔ [1687/1777] Built Mathlib.GroupTheory.QuotientGroup.Defs (9.3s)
✔ [1688/1777] Built Mathlib.RingTheory.Ideal.Basic (6.2s)
✔ [1689/1778] Built Mathlib.Algebra.Module.Submodule.Invariant (5.3s)
✔ [1690/1778] Built Mathlib.Topology.Bornology.Hom (4.5s)
✔ [1691/1778] Built Mathlib.Order.Interval.Set.ProjIcc (4.0s)
✔ [1692/1778] Built Mathlib.Dynamics.PeriodicPts.Defs (5.7s)
✔ [1693/1778] Built Mathlib.Topology.UniformSpace.LocallyUniformConvergence (5.1s)
✔ [1694/1778] Built Mathlib.Topology.UniformSpace.CompleteSeparated (5.3s)
✔ [1695/1779] Built Mathlib.Topology.Algebra.MulAction (7.4s)
✔ [1696/1779] Built Mathlib.Topology.UniformSpace.Pi (5.2s)
✔ [1697/1779] Built Mathlib.Topology.EMetricSpace.MulOpposite (4.9s)
✔ [1698/1780] Built Mathlib.Algebra.Algebra.Subalgebra.Lattice (11s)
✔ [1699/1790] Built Mathlib.Topology.UniformSpace.UniformApproximation (4.9s)
✔ [1700/1790] Built Mathlib.Algebra.Algebra.RestrictScalars (5.1s)
✔ [1701/1796] Built Mathlib.LinearAlgebra.Quotient.Defs (6.6s)
✔ [1702/1796] Built Mathlib.Topology.Metrizable.Basic (4.7s)
✔ [1703/1798] Built Mathlib.Topology.EMetricSpace.Basic (7.6s)
✔ [1704/1798] Built Mathlib.Topology.UniformSpace.Equiv (6.7s)
✔ [1705/1800] Built Mathlib.Order.Copy (4.8s)
✔ [1706/1800] Built Mathlib.Topology.Compactness.Bases (4.0s)
✔ [1707/1801] Built Mathlib.Algebra.Group.Subgroup.Order (4.7s)
✔ [1708/1801] Built Mathlib.GroupTheory.Commutator.Basic (11s)
✔ [1709/1801] Built Mathlib.Algebra.Algebra.Subalgebra.Directed (6.7s)
✔ [1710/1801] Built Mathlib.Algebra.Order.GroupWithZero.Finset (4.1s)
✔ [1711/1801] Built Mathlib.Topology.Sequences (4.6s)
✔ [1712/1801] Built Mathlib.Topology.MetricSpace.Cauchy (4.7s)
✔ [1713/1806] Built Mathlib.Topology.EMetricSpace.Pi (4.6s)
✔ [1714/1806] Built Mathlib.Topology.Algebra.Monoid (13s)
✔ [1715/1806] Built Mathlib.RingTheory.Ideal.Operations (15s)
✔ [1716/1806] Built Mathlib.Topology.UniformSpace.AbstractCompletion (4.7s)
✔ [1717/1807] Built Mathlib.Topology.MetricSpace.Pseudo.Basic (5.8s)
✔ [1718/1807] Built Mathlib.GroupTheory.Archimedean (5.0s)
✔ [1719/1807] Built Mathlib.Topology.Sets.Opens (5.0s)
✔ [1720/1807] Built Mathlib.Algebra.Order.AddTorsor (3.2s)
✔ [1721/1807] Built Mathlib.Topology.UniformSpace.UniformConvergenceTopology (7.8s)
✔ [1722/1807] Built Mathlib.Topology.UniformSpace.Real (4.8s)
✔ [1723/1807] Built Mathlib.Topology.EMetricSpace.Diam (5.1s)
✔ [1724/1807] Built Mathlib.Topology.Algebra.Group.ZPow (4.4s)
✔ [1725/1807] Built Mathlib.Topology.MetricSpace.Pseudo.Pi (5.1s)
✔ [1726/1807] Built Mathlib.GroupTheory.GroupAction.Quotient (8.3s)
✔ [1727/1807] Built Mathlib.Topology.Algebra.Group.ContinuousInv (4.8s)
✔ [1728/1810] Built Mathlib.Topology.Algebra.GroupWithZero (5.1s)
✔ [1729/1810] Built Mathlib.Topology.UniformSpace.Completion (5.2s)
✔ [1730/1810] Built Mathlib.Topology.Algebra.Order.Archimedean (4.6s)
✔ [1731/1810] Built Mathlib.Basic.ENNReal.Action (5.2s)
✔ [1732/1810] Built Mathlib.Topology.Sets.Closeds (6.5s)
✔ [1733/1810] Built Mathlib.Topology.UniformSpace.Equicontinuity (6.3s)
✔ [1734/1816] Built Mathlib.LinearAlgebra.Basis.Defs (9.7s)
✔ [1735/1817] Built Mathlib.Topology.MetricSpace.Basic (6.4s)
✔ [1736/1817] Built Mathlib.Topology.EMetricSpace.Lipschitz (6.9s)
✔ [1737/1817] Built Mathlib.Topology.MetricSpace.Pseudo.Real (5.1s)
✔ [1738/1819] Built Mathlib.Topology.MetricSpace.ProperSpace (5.4s)
✔ [1739/1820] Built Mathlib.Data.DFinsupp.Ext (3.2s)
✔ [1740/1820] Built Mathlib.RingTheory.Ideal.Maps (12s)
✔ [1741/1820] Built Mathlib.Topology.UniformSpace.HeineCantor (3.7s)
✔ [1742/1823] Built Mathlib.Algebra.Star.Subalgebra (18s)
✔ [1743/1824] Built Mathlib.Data.List.Pi (2.8s)
✔ [1744/1827] Built Mathlib.Topology.Algebra.Group.Basic (6.9s)
✔ [1745/1827] Built Mathlib.Basic.Real.Star (2.6s)
✔ [1746/1828] Built Mathlib.Data.Finsupp.ToDFinsupp (3.9s)
✔ [1747/1828] Built Mathlib.Topology.Metrizable.Uniformity (4.5s)
✔ [1748/1828] Built Mathlib.Data.Nat.Prime.Defs (3.6s)
✔ [1749/1828] Built Mathlib.Data.Fintype.Quotient (3.5s)
✔ [1750/1828] Built Mathlib.Algebra.Group.Submonoid.Finite (3.7s)
✔ [1751/1828] Built Mathlib.Topology.MetricSpace.Bounded (6.4s)
✔ [1752/1828] Built Mathlib.Topology.Algebra.Group.GroupTopology (4.0s)
✔ [1753/1828] Built Mathlib.Algebra.Algebra.Spectrum.Basic (6.0s)
✔ [1754/1828] Built Mathlib.Topology.Algebra.Group.Subgroup (5.2s)
✔ [1755/1828] Built Mathlib.Data.DFinsupp.BigOperators (7.6s)
✔ [1756/1831] Built Mathlib.Algebra.CharP.Defs (3.5s)
✔ [1757/1831] Built Mathlib.Data.Int.ModEq (4.2s)
✔ [1758/1831] Built Mathlib.Topology.Algebra.Group.Neighborhood (6.4s)
✔ [1759/1833] Built Mathlib.Data.DFinsupp.Sigma (4.3s)
✔ [1760/1833] Built Mathlib.Topology.MetricSpace.Lipschitz (5.1s)
✔ [1761/1835] Built Mathlib.Topology.MetricSpace.Antilipschitz (4.9s)
✔ [1762/1835] Built Mathlib.Topology.Bornology.Real (4.9s)
✔ [1763/1835] Built Mathlib.Topology.Instances.Int (4.9s)
✔ [1764/1835] Built Mathlib.Data.DFinsupp.Submonoid (3.9s)
✔ [1765/1835] Built Mathlib.Data.Set.Card (8.7s)
✔ [1766/1836] Built Mathlib.Algebra.Ring.Associated (3.3s)
✔ [1767/1838] Built Mathlib.Algebra.CharP.Two (3.8s)
✔ [1768/1838] Built Mathlib.Analysis.Normed.Group.Basic (16s)
✔ [1769/1838] Built Mathlib.Data.Nat.Prime.Basic (3.2s)
✔ [1770/1838] Built Mathlib.Topology.Algebra.Group.ContinuousDiv (4.1s)
✔ [1771/1838] Built Mathlib.SetTheory.Cardinal.NatCard (3.3s)
✔ [1772/1838] Built Mathlib.Topology.Instances.Nat (4.1s)
✔ [1773/1838] Built Mathlib.Topology.Algebra.Ring.Basic (7.2s)
✔ [1774/1838] Built Mathlib.Algebra.Star.Unitary (10s)
✔ [1775/1839] Built Mathlib.Topology.MetricSpace.Isometry (7.4s)
✔ [1776/1839] Built Mathlib.Analysis.Normed.Group.Subgroup (5.8s)
✔ [1777/1839] Built Mathlib.GroupTheory.Coset.Card (7.6s)
✔ [1778/1839] Built Mathlib.Topology.Algebra.IsUniformGroup.Defs (11s)
✔ [1779/1839] Built Mathlib.Analysis.Normed.Group.Real (6.0s)
✔ [1780/1841] Built Mathlib.LinearAlgebra.DFinsupp (12s)
✔ [1781/1841] Built Mathlib.Analysis.Normed.Group.Constructions (9.1s)
✔ [1782/1841] Built Mathlib.Algebra.GCDMonoid.Basic (11s)
✔ [1783/1841] Built Mathlib.Algebra.Group.Subgroup.Finite (6.1s)
✔ [1784/1841] Built Mathlib.Topology.Algebra.Group.Pointwise (9.4s)
✔ [1785/1841] Built Mathlib.Topology.Algebra.Field (5.5s)
✔ [1786/1841] Built Mathlib.Data.Nat.Log (3.6s)
✔ [1787/1843] Built Mathlib.GroupTheory.QuotientGroup.Basic (13s)
✔ [1788/1843] Built Mathlib.Topology.MetricSpace.ProperSpace.Real (4.6s)
✔ [1789/1843] Built Mathlib.Topology.MetricSpace.Dilation (6.4s)
✔ [1790/1846] Built Mathlib.Topology.Algebra.IsUniformGroup.Constructions (4.4s)
✔ [1791/1846] Built Mathlib.Topology.Algebra.UniformMulAction (4.9s)
✔ [1792/1848] Built Mathlib.Analysis.Normed.Group.Int (4.7s)
✔ [1793/1848] Built Mathlib.Data.Nat.Prime.Pow (2.8s)
✔ [1794/1849] Built Mathlib.Algebra.GCDMonoid.Nat (3.2s)
✔ [1795/1849] Built Mathlib.Algebra.GCDMonoid.Multiset (3.3s)
✔ [1796/1852] Built Mathlib.Data.List.Prime (2.9s)
✔ [1797/1853] Built Mathlib.Topology.Algebra.Group.Quotient (4.2s)
✔ [1798/1853] Built Mathlib.Data.Nat.Prime.Infinite (2.6s)
✔ [1799/1853] Built Mathlib.Order.Interval.Set.Infinite (3.1s)
✔ [1800/1853] Built Mathlib.Topology.Algebra.Order.Field (5.3s)
✔ [1801/1853] Built Mathlib.Topology.MetricSpace.IsometricSMul (11s)
✔ [1802/1853] Built Mathlib.Topology.Algebra.InfiniteSum.Group (6.5s)
✔ [1803/1853] Built Mathlib.Algebra.IsPrimePow (3.6s)
✔ [1804/1854] Built Mathlib.Topology.MetricSpace.DilationEquiv (5.4s)
✔ [1805/1854] Built Mathlib.Data.Nat.Factors (3.8s)
✔ [1806/1854] Built Mathlib.Algebra.GCDMonoid.Finset (3.0s)
✔ [1807/1855] Built Mathlib.Algebra.Group.TypeTags.Finite (3.4s)
✔ [1808/1855] Built Mathlib.Basic.Complex.BigOperators (3.0s)
✔ [1809/1855] Built Mathlib.Algebra.Group.AddChar (6.6s)
✔ [1810/1855] Built Mathlib.Topology.Algebra.Ring.Real (4.7s)
✔ [1811/1856] Built Mathlib.Algebra.CharP.Invertible (3.3s)
✔ [1812/1856] Built Mathlib.Data.Nat.PrimeFin (3.4s)
✔ [1813/1859] Built Mathlib.Topology.Algebra.Module.Basic (6.3s)
✔ [1814/1859] Built Mathlib.GroupTheory.Index (11s)
✔ [1815/1863] Built Mathlib.Dynamics.PeriodicPts.Lemmas (4.1s)
✔ [1816/1867] Built Mathlib.Algebra.Algebra.Subalgebra.Tower (4.7s)
✔ [1817/1868] Built Mathlib.Topology.Algebra.InfiniteSum.NatInt (8.7s)
✔ [1818/1868] Built Mathlib.Topology.Algebra.IsUniformGroup.Basic (11s)
✔ [1819/1868] Built Mathlib.LinearAlgebra.Basis.Basic (5.6s)
✔ [1820/1869] Built Mathlib.Topology.Instances.Rat (6.1s)
✔ [1821/1874] Built Mathlib.GroupTheory.Abelianization.Defs (4.1s)
✔ [1822/1874] Built Mathlib.Algebra.DirectSum.Basic (8.6s)
✔ [1823/1877] Built Mathlib.Analysis.Normed.Group.Rat (4.0s)
✔ [1824/1880] Built Mathlib.Topology.Algebra.InfiniteSum.Order (7.0s)
✔ [1825/1880] Built Mathlib.NumberTheory.Divisors (14s)
✔ [1826/1880] Built Mathlib.Data.Multiset.Sort (3.9s)
✔ [1827/1886] Built Mathlib.GroupTheory.FreeGroup.Basic (11s)
✔ [1828/1886] Built Mathlib.Data.Finsupp.Fintype (3.4s)
✔ [1829/1886] Built Mathlib.Algebra.Group.UniqueProds.Basic (10s)
✔ [1830/1886] Built Mathlib.LinearAlgebra.TensorProduct.Associator (17s)
✔ [1831/1886] Built Mathlib.LinearAlgebra.Finsupp.Span (4.0s)
✔ [1832/1886] Built Mathlib.Topology.Algebra.InfiniteSum.Constructions (24s)
✔ [1833/1889] Built Mathlib.Algebra.DirectSum.Module (10s)
✔ [1834/1889] Built Mathlib.Basic.Finite.Sum (2.9s)
✔ [1835/1889] Built Mathlib.Topology.Algebra.Module.ContinuousLinearMap.Basic (21s)
✔ [1836/1889] Built Mathlib.Algebra.MonoidAlgebra.Defs (16s)
✔ [1837/1889] Built Mathlib.Data.Finset.Sort (6.2s)
✔ [1838/1891] Built Mathlib.LinearAlgebra.FreeModule.Basic (4.4s)
✔ [1839/1891] Built Mathlib.GroupTheory.FreeAbelianGroup (6.2s)
✔ [1840/1891] Built Mathlib.LinearAlgebra.Quotient.Basic (7.0s)
✔ [1841/1891] Built Mathlib.Algebra.BigOperators.RingEquiv (2.7s)
✔ [1842/1894] Built Mathlib.GroupTheory.DedekindFinite (2.5s)
✔ [1843/1894] Built Mathlib.Topology.Algebra.InfiniteSum.Ring (4.4s)
✔ [1844/1894] Built Mathlib.Algebra.DirectSum.Finsupp (3.4s)
✔ [1845/1895] Built Mathlib.Topology.Algebra.Module.ContinuousLinearMap.Restrict (4.4s)
✔ [1846/1895] Built Mathlib.Algebra.MonoidAlgebra.Lift (3.0s)
✔ [1847/1896] Built Mathlib.Algebra.FreeAbelianGroup.Finsupp (3.0s)
✔ [1848/1897] Built Mathlib.Algebra.Star.BigOperators (3.0s)
✔ [1849/1897] Built Mathlib.Topology.Algebra.Module.ContinuousLinearMap.PiProd (6.4s)
✔ [1850/1897] Built Mathlib.Topology.Algebra.SeparationQuotient.Basic (6.4s)
✔ [1851/1899] Built Mathlib.Topology.Instances.NNReal.Lemmas (4.4s)
✔ [1852/1899] Built Mathlib.LinearAlgebra.Basis.Fin (4.3s)
✔ [1853/1899] Built Mathlib.LinearAlgebra.Basis.Prod (3.3s)
✔ [1854/1899] Built Mathlib.Algebra.MonoidAlgebra.MapDomain (8.8s)
✔ [1855/1899] Built Mathlib.LinearAlgebra.Basis.SMul (3.0s)
✔ [1856/1905] Built Mathlib.LinearAlgebra.Projection (10s)
✔ [1857/1905] Built Mathlib.GroupTheory.OrderOfElement (21s)
✔ [1858/1905] Built Mathlib.Algebra.MonoidAlgebra.Opposite (4.6s)
✔ [1859/1905] Built Mathlib.Topology.Instances.ENNReal.Lemmas (6.1s)
✔ [1860/1909] Built Mathlib.Algebra.Order.Monoid.Submonoid (2.6s)
✔ [1861/1913] Built Mathlib.Topology.MetricSpace.Algebra (7.0s)
✔ [1862/1913] Built Mathlib.Analysis.Real.Sqrt (6.2s)
✔ [1863/1917] Built Mathlib.RingTheory.AlgebraTower (4.7s)
✔ [1864/1918] Built Mathlib.Algebra.Ring.Regular (1.9s)
✔ [1865/1921] Built Mathlib.Data.Matrix.Basic (15s)
✔ [1866/1921] Built Mathlib.Algebra.MonoidAlgebra.NoZeroDivisors (3.8s)
✔ [1867/1921] Built Mathlib.Algebra.MonoidAlgebra.Module (8.1s)
✔ [1868/1921] Built Mathlib.Topology.Algebra.Module.ContinuousLinearMap.RestrictScalars (4.3s)
✔ [1869/1921] Built Mathlib.Analysis.Complex.Norm (5.1s)
✔ [1870/1921] Built Mathlib.Analysis.Normed.Group.Continuity (6.6s)
✔ [1871/1924] Built Mathlib.Algebra.Order.Interval.Set.Instances (4.5s)
✔ [1872/1924] Built Mathlib.Basic.Real.ENatENNReal (4.2s)
✔ [1873/1927] Built Mathlib.Analysis.Asymptotics.Defs (4.9s)
✔ [1874/1929] Built Mathlib.Tactic.Bound (4.8s)
✔ [1875/1932] Built Mathlib.Data.Matrix.Basis (6.4s)
✔ [1876/1932] Built Mathlib.Analysis.Complex.Order (5.5s)
✔ [1877/1932] Built Mathlib.Logic.Equiv.PartialEquiv (5.0s)
✔ [1878/1932] Built Mathlib.Analysis.Normed.Group.Bounded (6.6s)
✔ [1879/1932] Built Mathlib.Analysis.Asymptotics.Basic (6.0s)
✔ [1880/1932] Built Mathlib.Algebra.Polynomial.Basic (10s)
✔ [1881/1932] Built Mathlib.LinearAlgebra.TensorProduct.Tower (34s)
✔ [1882/1934] Built Mathlib.Order.Filter.AtTopBot.Archimedean (5.9s)
✔ [1883/1935] Built Mathlib.Topology.Algebra.Algebra (11s)
✔ [1884/1938] Built Mathlib.Analysis.Normed.Group.Uniform (11s)
✔ [1885/1938] Built Mathlib.Data.Matrix.Composition (5.6s)
✔ [1886/1938] Built Mathlib.LinearAlgebra.Matrix.ConjTranspose (6.5s)
✔ [1887/1938] Built Mathlib.Topology.PartialHomeomorph.Defs (4.5s)
✔ [1888/1938] Built Mathlib.Topology.Algebra.Module.Equiv (28s)
✔ [1889/1941] Built Mathlib.Analysis.Asymptotics.Prod (5.1s)
✔ [1890/1941] Built Mathlib.Algebra.Field.GeomSum (3.2s)
✔ [1891/1941] Built Mathlib.LinearAlgebra.Finsupp.VectorSpace (5.0s)
✔ [1892/1941] Built Mathlib.Tactic.NormNum.NatFactorial (3.5s)
✔ [1893/1941] Built Mathlib.Topology.OpenPartialHomeomorph.Defs (3.5s)
✔ [1894/1941] Built Mathlib.Topology.PartialHomeomorph.Basic (4.0s)
✔ [1895/1941] Built Mathlib.LinearAlgebra.Matrix.RowCol (4.7s)
✔ [1896/1941] Built Mathlib.Tactic.NormNum.BigOperators (6.7s)
✔ [1897/1942] Built Mathlib.LinearAlgebra.DirectSum.TensorProduct (7.0s)
✔ [1898/1942] Built Mathlib.Topology.Algebra.InfiniteSum.ENNReal (15s)
✔ [1899/1942] Built Mathlib.Data.Matrix.Block (6.3s)
✔ [1900/1942] Built Mathlib.Analysis.Normed.Group.Hom (8.9s)
✔ [1901/1942] Built Mathlib.Topology.Instances.RealVectorSpace (4.5s)
✔ [1902/1942] Built Mathlib.Topology.Algebra.Algebra.Equiv (6.3s)
✔ [1903/1942] Built Mathlib.Algebra.BigOperators.Module (2.0s)
✔ [1904/1944] Built Mathlib.Topology.Algebra.InfiniteSum.Module (4.4s)
✔ [1905/1944] Built Mathlib.Topology.Algebra.Module.Star (4.7s)
✔ [1906/1944] Built Mathlib.LinearAlgebra.StdBasis (4.3s)
✔ [1907/1946] Built Mathlib.Topology.OpenPartialHomeomorph.Basic (3.5s)
✔ [1908/1946] Built Mathlib.Topology.Algebra.Module.ClosedSubmodule (6.4s)
✔ [1909/1946] Built Mathlib.Algebra.Order.CauSeq.BigOperators (5.0s)
✔ [1910/1948] Built Mathlib.Algebra.Order.Field.Power (3.8s)
✔ [1911/1948] Built Mathlib.Analysis.Normed.Group.InfiniteSum (4.3s)
✔ [1912/1948] Built Mathlib.Topology.Algebra.InfiniteSum.Real (4.1s)
✔ [1913/1954] Built Mathlib.LinearAlgebra.Matrix.Notation (6.3s)
✔ [1914/1959] Built Mathlib.LinearAlgebra.Matrix.StdBasis (3.6s)
✔ [1915/1960] Built Mathlib.Topology.OpenPartialHomeomorph.Continuity (3.3s)
✔ [1916/1962] Built Mathlib.LinearAlgebra.DirectSum.Finsupp (7.3s)
✔ [1917/1963] Built Mathlib.Topology.Order.Lattice (4.2s)
✔ [1918/1963] Built Mathlib.Analysis.Normed.Group.Submodule (3.9s)
✔ [1919/1963] Built Mathlib.Algebra.BigOperators.Associated (3.1s)
✔ [1920/1965] Built Mathlib.Data.Nat.Cast.Order.Field (2.7s)
✔ [1921/1965] Built Mathlib.Tactic.ProxyType (3.3s)
✔ [1922/1965] Built Mathlib.Combinatorics.Enumerative.Stirling (3.7s)
✔ [1923/1965] Built Mathlib.Algebra.Algebra.Unitization (13s)
✔ [1924/1965] Built Mathlib.Data.Nat.Choose.Bounds (3.9s)
✔ [1925/1965] Built Mathlib.Order.Filter.AtTopBot.ModEq (3.7s)
✔ [1926/1966] Built Mathlib.Analysis.Complex.Exponential (6.8s)
✔ [1927/1966] Built Mathlib.Topology.Semicontinuity.Defs (5.3s)
✔ [1928/1968] Built Mathlib.Analysis.Normed.Order.Lattice (4.8s)
✔ [1929/1968] Built Mathlib.LinearAlgebra.TensorProduct.Basis (5.8s)
✔ [1930/1968] Built Mathlib.Topology.Algebra.MetricSpace.Lipschitz (4.8s)
✔ [1931/1971] Built Mathlib.Data.Nat.Factorial.BigOperators (2.9s)
✔ [1932/1971] Built Mathlib.Tactic.DeriveFintype (3.4s)
✔ [1933/1971] Built Mathlib.Algebra.Notation.Lemmas (1.6s)
✔ [1934/1971] Built Mathlib.Order.Preorder.Finsupp (2.0s)
✔ [1935/1972] Built Mathlib.Algebra.Order.Group.Finset (3.5s)
✔ [1936/1976] Built Mathlib.Analysis.Complex.Trigonometric (7.3s)
✔ [1937/1978] Built Mathlib.Algebra.Module.Projective (5.4s)
✔ [1938/1978] Built Mathlib.Algebra.Order.Pi (3.2s)
✔ [1939/1979] Built Mathlib.Algebra.Algebra.Spectrum.Quasispectrum (9.1s)
✔ [1940/1980] Built Mathlib.Basic.Sign.Defs (4.5s)
✔ [1941/1980] Built Mathlib.Data.Nat.MaxPowDiv (1.8s)
✔ [1942/1981] Built Mathlib.Data.Finsupp.Multiset (4.5s)
✔ [1943/1981] Built Mathlib.Topology.Semicontinuity.Basic (9.1s)
✔ [1944/1984] Built Mathlib.Topology.Order.AtTopBotIxx (12s)
✔ [1945/1985] Built Mathlib.Tactic.AddGroup (3.4s)
✔ [1946/1985] Built Mathlib.Basic.Sign.Basic (3.7s)
✔ [1947/1987] Built Mathlib.Tactic.ArithMult.Init (1.4s)
✔ [1948/1987] Built Mathlib.Analysis.Normed.Ring.Basic (15s)
✔ [1949/1987] Built Mathlib.Tactic.Algebra.AlgebraNF (3.7s)
✔ [1950/1987] Built Mathlib.Data.Finsupp.Order (4.9s)
✔ [1951/1987] Built Mathlib.RingTheory.Multiplicity (6.1s)
✔ [1952/1987] Built Mathlib.Tactic.Assume (1.6s)
✔ [1953/1987] Built Mathlib.Tactic.BDSimp (1.4s)
✔ [1954/1987] Built Mathlib.Tactic.ArithMult (1.7s)
✔ [1955/1987] Built Mathlib.Tactic.Algebraize (4.4s)
✔ [1956/1988] Built Mathlib.Tactic.CancelDenoms (2.4s)
✔ [1957/1992] Built Mathlib.Tactic.Cases (2.2s)
✔ [1958/1996] Built Mathlib.CategoryTheory.Category.Init (1.8s)
✔ [1959/2005] Built Mathlib.Analysis.Normed.Ring.Finite (3.6s)
✔ [1960/2005] Built Mathlib.Data.EReal.Inv (4.5s)
✔ [1961/2005] Built Mathlib.Data.Opposite (1.9s)
✔ [1962/2007] Built Mathlib.Data.Nat.PadicValNat (3.2s)
✔ [1963/2024] Built Mathlib.Tactic.CategoryTheory.CategoryStar (1.8s)
✔ [1964/2031] Built Mathlib.Analysis.Asymptotics.Arith (5.6s)
✔ [1965/2032] Built Mathlib.Tactic.CategoryTheory.Coherence.Datatypes (2.3s)
✔ [1966/2032] Built Mathlib.Combinatorics.Quiver.Basic (2.3s)
✔ [1967/2032] Built Mathlib.Analysis.Normed.Ring.Lemmas (6.5s)
✔ [1968/2032] Built Mathlib.CategoryTheory.ConcreteCategory.Bundled (1.4s)
✔ [1969/2032] Built Mathlib.Basic.Logic.Lemmas (1.9s)
✔ [1970/2034] Built Mathlib.NumberTheory.Padics.PadicVal.Defs (3.3s)
✔ [1971/2041] Built Mathlib.Analysis.Normed.Field.Basic (7.5s)
✔ [1972/2044] Built Mathlib.Combinatorics.Quiver.Prefunctor (2.1s)
✔ [1973/2048] Built Mathlib.Topology.Instances.EReal.Lemmas (6.4s)
✔ [1974/2048] Built Mathlib.CategoryTheory.Category.Basic (4.4s)
✔ [1975/2052] Built Mathlib.Tactic.CategoryTheory.Coherence.PureCoherence (5.7s)
✔ [1976/2053] Built Mathlib.Data.Nat.Factorization.Defs (3.9s)
✔ [1977/2053] Built Mathlib.Tactic.CategoryTheory.Coherence.Normalize (5.7s)
✔ [1978/2053] Built Mathlib.LinearAlgebra.Matrix.ToLin (18s)
✔ [1979/2054] Built Mathlib.Combinatorics.Quiver.Path (2.5s)
✔ [1980/2054] Built Mathlib.Combinatorics.Quiver.Push (2.1s)
✔ [1981/2054] Built Mathlib.Analysis.Normed.Operator.LinearIsometry (27s)
✔ [1982/2054] Built Mathlib.Analysis.Asymptotics.Ring (4.8s)
✔ [1983/2056] Built Mathlib.CategoryTheory.ConcreteCategory.Notation (1.7s)
✔ [1984/2070] Built Mathlib.Analysis.Normed.Ring.InfiniteSum (6.8s)
✔ [1985/2072] Built Mathlib.Analysis.Normed.MulAction (5.5s)
✔ [1986/2072] Built Mathlib.Tactic.CategoryTheory.Slice (2.8s)
✔ [1987/2072] Built Mathlib.Tactic.Change (1.5s)
✔ [1988/2072] Built Mathlib.CategoryTheory.Functor.Basic (3.1s)
✔ [1989/2072] Built Mathlib.Tactic.CategoryTheory.Coherence.Basic (2.8s)
✔ [1990/2076] Built Mathlib.Combinatorics.Quiver.Symmetric (2.3s)
✔ [1991/2076] Built Mathlib.Tactic.CategoryTheory.CheckCompositions (2.6s)
✔ [1992/2076] Built Mathlib.Tactic.Clean (1.3s)
✔ [1993/2085] Built Mathlib.Data.Stream.Defs (1.7s)
✔ [1994/2085] Built Mathlib.Analysis.SpecificLimits.Basic (6.2s)
✔ [1995/2085] Built Mathlib.Tactic.CategoryTheory.Reassoc (2.9s)
✔ [1996/2085] Built Mathlib.Tactic.ENatToNat (2.8s)
✔ [1997/2085] Built Mathlib.Data.Int.Order.Units (2.7s)
✔ [1998/2090] Built Mathlib.Topology.Algebra.Group.Order (4.4s)
✔ [1999/2090] Built Mathlib.Algebra.CharP.Basic (2.7s)
✔ [2000/2090] Built Mathlib.Analysis.Normed.Field.Lemmas (6.1s)
✔ [2001/2092] Built Mathlib.Algebra.GroupWithZero.Units.Fintype (3.1s)
✔ [2002/2092] Built Mathlib.CategoryTheory.NatTrans (3.3s)
✔ [2003/2095] Built Mathlib.Analysis.Normed.Operator.ContinuousLinearMap (6.7s)
✔ [2004/2095] Built Mathlib.Data.Stream.Init (4.1s)
✔ [2005/2095] Built Mathlib.LinearAlgebra.Complex.Module (11s)
✔ [2006/2099] Built Mathlib.CategoryTheory.Iso (5.6s)
✔ [2007/2099] Built Mathlib.Algebra.QuadraticDiscriminant (4.5s)
✔ [2008/2101] Built Mathlib.Algebra.Polynomial.Eval.Defs (6.2s)
✔ [2009/2101] Built Mathlib.Algebra.Ring.Fin (2.0s)
✔ [2010/2101] Built Mathlib.LinearAlgebra.Quotient.Card (3.5s)
✔ [2011/2101] Built Mathlib.Algebra.Ring.Action.Submonoid (3.3s)
✔ [2012/2101] Built Mathlib.Analysis.Asymptotics.Lemmas (13s)
✔ [2013/2101] Built Mathlib.GroupTheory.QuotientGroup.Finite (4.3s)
✔ [2014/2101] Built Mathlib.Tactic.CategoryTheory.IsoReassoc (3.4s)
✔ [2015/2101] Built Mathlib.CategoryTheory.ObjectProperty.Basic (3.9s)
✔ [2016/2104] Built Mathlib.Tactic.CategoryTheory.CancelIso (3.9s)
✔ [2017/2104] Built Mathlib.Data.Seq.Computation (5.1s)
✔ [2018/2104] Built Mathlib.Data.ZMod.Basic (8.6s)
✔ [2019/2105] Built Mathlib.RingTheory.Ideal.Quotient.Defs (5.2s)
✔ [2020/2105] Built Mathlib.CategoryTheory.Functor.Category (6.0s)
✔ [2021/2105] Built Mathlib.CategoryTheory.ObjectProperty.ClosedUnderIsomorphisms (2.5s)
✔ [2022/2105] Built Mathlib.Data.Seq.Defs (3.8s)
✔ [2023/2108] Built Mathlib.Algebra.Algebra.Subalgebra.Operations (4.7s)
✔ [2024/2111] Built Mathlib.Tactic.ComputeAsymptotics.Lemmas (4.8s)
✔ [2025/2111] Built Mathlib.Data.ZMod.IntUnitsPower (4.0s)
✔ [2026/2111] Built Mathlib.LinearAlgebra.Isomorphisms (5.4s)
✔ [2027/2112] Built Mathlib.Analysis.Normed.Module.Basic (13s)
✔ [2028/2112] Built Mathlib.Topology.MetricSpace.HausdorffDistance (6.5s)
✔ [2029/2112] Built Mathlib.Topology.Order.ProjIcc (3.9s)
✔ [2030/2112] Built Mathlib.RingTheory.Ideal.Quotient.Basic (6.3s)
✔ [2031/2112] Built Mathlib.Topology.Hom.ContinuousEvalConst (3.4s)
✔ [2032/2113] Built Mathlib.Data.Seq.Basic (4.4s)
✔ [2033/2113] Built Mathlib.Algebra.Ring.NegOnePow (3.9s)
✔ [2034/2113] Built Mathlib.CategoryTheory.Functor.Trifunctor (6.0s)
✔ [2035/2114] Built Mathlib.CategoryTheory.NatIso (6.4s)
✔ [2036/2116] Built Mathlib.Data.Int.SuccPred (3.3s)
✔ [2037/2116] Built Mathlib.Analysis.Asymptotics.Theta (6.8s)
✔ [2038/2116] Built Mathlib.Topology.MetricSpace.Thickening (6.0s)
✔ [2039/2116] Built Mathlib.Analysis.Normed.Module.RCLike.Real (5.6s)
✔ [2040/2116] Built Mathlib.Topology.Hom.ContinuousEval (4.0s)
✔ [2041/2116] Built Mathlib.Topology.UnitInterval (8.8s)
✔ [2042/2118] Built Mathlib.Order.Circular (3.6s)
✔ [2043/2118] Built Mathlib.Algebra.Order.Interval.Set.Group (3.7s)
✔ [2044/2118] Built Mathlib.Algebra.Field.NegOnePow (4.0s)
✔ [2045/2119] Built Mathlib.Analysis.CStarAlgebra.Basic (8.3s)
✔ [2046/2120] Built Mathlib.GroupTheory.QuotientGroup.ModEq (3.2s)
✔ [2047/2121] Built Mathlib.Algebra.Ring.Periodic (5.9s)
✔ [2048/2121] Built Mathlib.CategoryTheory.Functor.FullyFaithful (5.0s)
✔ [2049/2121] Built Mathlib.Algebra.Group.Units.Opposite (2.5s)
✔ [2050/2121] Built Mathlib.Data.Nat.Cast.Field (3.3s)
✔ [2051/2124] Built Mathlib.Analysis.SpecificLimits.Normed (15s)
✔ [2052/2124] Built Mathlib.Topology.CompactOpen (5.5s)
✔ [2053/2125] Built Mathlib.Analysis.Normed.Group.Pointwise (7.9s)
✔ [2054/2125] Built Mathlib.Data.Nat.Factorization.Induction (4.1s)
✔ [2055/2125] Built Mathlib.Data.Nat.Factorization.Basic (5.4s)
✔ [2056/2127] Built Mathlib.CategoryTheory.Bicategory.Basic (9.8s)
✔ [2057/2127] Built Mathlib.Algebra.Ring.AddAut (3.6s)
✔ [2058/2127] Built Mathlib.CategoryTheory.InducedCategory (4.0s)
✔ [2059/2127] Built Mathlib.Algebra.Field.Periodic (5.5s)
✔ [2060/2127] Built Mathlib.Data.Nat.Count (4.1s)
✔ [2061/2127] Built Mathlib.Tactic.CategoryTheory.BicategoricalComp (4.3s)
✔ [2062/2127] Built Mathlib.CategoryTheory.ObjectProperty.FullSubcategory (5.5s)
✔ [2063/2130] Built Mathlib.GroupTheory.Divisible (6.9s)
✔ [2064/2130] Built Mathlib.Analysis.Normed.Module.Ball.Pointwise (9.8s)
✔ [2065/2130] Built Mathlib.Data.Nat.Periodic (4.8s)
✔ [2066/2130] Built Mathlib.Topology.Path (12s)
✔ [2067/2130] Built Mathlib.CategoryTheory.EssentialImage (4.0s)
✔ [2068/2131] Built Mathlib.RingTheory.Ideal.Quotient.Operations (27s)
✔ [2069/2132] Built Mathlib.Topology.Algebra.OpenSubgroup (11s)
✔ [2070/2133] Built Mathlib.CategoryTheory.ConcreteCategory.Basic (4.1s)
✔ [2071/2133] Built Mathlib.Algebra.EuclideanDomain.Defs (2.8s)
✔ [2072/2133] Built Mathlib.Analysis.RCLike.Basic (21s)
✔ [2073/2133] Built Mathlib.Algebra.Group.Subgroup.Finsupp (3.7s)
✔ [2074/2133] Built Mathlib.Tactic.CategoryTheory.Bicategory.Datatypes (7.7s)
✔ [2075/2133] Built Mathlib.Algebra.EuclideanDomain.Field (2.3s)
✔ [2076/2133] Built Mathlib.CategoryTheory.Whiskering (18s)
✔ [2077/2133] Built Mathlib.Tactic.CategoryTheory.Elementwise (3.8s)
✔ [2078/2133] Built Mathlib.Data.Nat.Totient (4.8s)
✔ [2079/2133] Built Mathlib.Algebra.Order.ToIntervalMod (23s)
✔ [2080/2133] Built Mathlib.RingTheory.Ideal.Prod (4.9s)
✔ [2081/2137] Built Mathlib.Algebra.EuclideanDomain.Int (2.7s)
✔ [2082/2137] Built Mathlib.Topology.Connected.PathConnected (7.0s)
✔ [2083/2147] Built Mathlib.Algebra.EuclideanDomain.Basic (4.6s)
✔ [2084/2147] Built Mathlib.CategoryTheory.Elementwise (2.9s)
✔ [2085/2150] Built Mathlib.CategoryTheory.Functor.ReflectsIso.Basic (3.3s)
✔ [2086/2154] Built Mathlib.Algebra.GroupWithZero.Submonoid.Primal (2.7s)
✔ [2087/2156] Built Mathlib.Analysis.Normed.Group.Quotient (10s)
✔ [2088/2156] Built Mathlib.Tactic.CategoryTheory.Bicategory.PureCoherence (7.6s)
✔ [2089/2161] Built Mathlib.Algebra.CharZero.Quotient (3.4s)
✔ [2090/2163] Built Mathlib.Topology.Instances.Sign (3.4s)
✔ [2091/2164] Built Mathlib.Tactic.CategoryTheory.Bicategory.Normalize (8.2s)
✔ [2092/2164] Built Mathlib.Data.Nat.NthRoot.Defs (1.7s)
✔ [2093/2166] Built Mathlib.Algebra.Order.Ring.Interval (3.5s)
✔ [2094/2166] Built Mathlib.GroupTheory.Finiteness (6.8s)
✔ [2095/2166] Built Mathlib.RingTheory.UniqueFactorizationDomain.Defs (3.8s)
✔ [2096/2166] Built Mathlib.Order.CompleteLattice.Group (2.6s)
✔ [2097/2170] Built Mathlib.Analysis.Complex.Basic (11s)
✔ [2098/2170] Built Mathlib.Tactic.Qify (3.7s)
✔ [2099/2170] Built Mathlib.CategoryTheory.Equivalence (11s)
✔ [2100/2170] Built Mathlib.Topology.Algebra.Indicator (3.0s)
✔ [2101/2171] Built Mathlib.Analysis.Normed.Group.FunctionSeries (5.3s)
✔ [2102/2171] Built Mathlib.Topology.Instances.AddCircle.Defs (11s)
✔ [2103/2172] Built Mathlib.RingTheory.Finiteness.Defs (3.6s)
✔ [2104/2172] Built Mathlib.Topology.Compactness.CompactlyCoherentSpace (3.1s)
✔ [2105/2172] Built Mathlib.RingTheory.UniqueFactorizationDomain.Ideal (3.7s)
✔ [2106/2175] Built Mathlib.Topology.Bornology.BoundedOperation (5.1s)
✔ [2107/2179] Built Mathlib.Tactic.Rify (3.0s)
✔ [2108/2182] Built Mathlib.Algebra.Module.MinimalAxioms (2.0s)
✔ [2109/2183] Built Mathlib.Analysis.Complex.Asymptotics (4.2s)
✔ [2110/2183] Built Mathlib.Tactic.CategoryTheory.Bicategory.Basic (7.0s)
✔ [2111/2183] Built Mathlib.GroupTheory.GroupAction.Pointwise (3.3s)
✔ [2112/2184] Built Mathlib.Topology.Bornology.Absorbs (5.0s)
✔ [2113/2184] Built Mathlib.Topology.UniformSpace.CompactConvergence (6.9s)
✔ [2114/2184] Built Mathlib.Topology.MetricSpace.Equicontinuity (6.1s)
✔ [2115/2184] Built Mathlib.RingTheory.Finiteness.Basic (9.7s)
✔ [2116/2184] Built Mathlib.Analysis.SpecialFunctions.Exp (8.9s)
✔ [2117/2184] Built Mathlib.Topology.MetricSpace.PiNat (12s)
✔ [2118/2187] Built Mathlib.CategoryTheory.Opposites (16s)
✔ [2119/2187] Built Mathlib.Topology.Algebra.UniformConvergence (13s)
✔ [2120/2187] Built Mathlib.Topology.Algebra.FilterBasis (11s)
✔ [2121/2187] Built Mathlib.RingTheory.Noetherian.Defs (5.8s)
✔ [2122/2187] Built Mathlib.Analysis.Convex.Strict (9.3s)
✔ [2123/2190] Built Mathlib.Analysis.LocallyConvex.Basic (10s)
✔ [2124/2192] Built Mathlib.Analysis.Convex.Function (15s)
✔ [2125/2192] Built Mathlib.CategoryTheory.Functor.Const (5.0s)
✔ [2126/2197] Built Mathlib.Topology.Algebra.Equicontinuity (5.9s)
✔ [2127/2199] Built Mathlib.CategoryTheory.EqToHom (7.9s)
✔ [2128/2200] Built Mathlib.Analysis.SpecialFunctions.Log.Basic (11s)
✔ [2129/2200] Built Mathlib.RingTheory.Noetherian.UniqueFactorizationDomain (6.4s)
✔ [2130/2200] Built Mathlib.Analysis.SpecialFunctions.Trigonometric.Basic (13s)
✔ [2131/2200] Built Mathlib.Analysis.LocallyConvex.BalancedCoreHull (9.1s)
✔ [2132/2206] Built Mathlib.CategoryTheory.Bicategory.Strict.Basic (3.9s)
✔ [2133/2210] Built Mathlib.Topology.ContinuousMap.Algebra (20s)
✔ [2134/2210] Built Mathlib.CategoryTheory.Bicategory.Functor.Prelax (5.9s)
✔ [2135/2210] Built Mathlib.RingTheory.PrincipalIdealDomain (7.8s)
✔ [2136/2213] Built Mathlib.LinearAlgebra.AffineSpace.AffineSubspace.Basic (17s)
✔ [2137/2213] Built Mathlib.Analysis.Convex.PathConnected (7.5s)
✔ [2138/2213] Built Mathlib.LinearAlgebra.Finsupp.Pi (7.0s)
✔ [2139/2213] Built Mathlib.Analysis.SpecialFunctions.Trigonometric.Inverse (9.8s)
✔ [2140/2213] Built Mathlib.CategoryTheory.Products.Basic (13s)
✔ [2141/2213] Built Mathlib.Geometry.Convex.ConvexSpace.Defs (14s)
✔ [2142/2213] Built Mathlib.Algebra.Group.Subgroup.ZPowers.Lemmas (5.4s)
✔ [2143/2213] Built Mathlib.LinearAlgebra.AffineSpace.Restrict (5.3s)
✔ [2144/2213] Built Mathlib.LinearAlgebra.AffineSpace.Pointwise (5.1s)
✔ [2145/2213] Built Mathlib.Topology.Algebra.Monoid.FunOnFinite (3.5s)
✔ [2146/2213] Built Mathlib.Topology.Algebra.Group.Torsor (4.7s)
✔ [2147/2214] Built Mathlib.Geometry.Convex.ConvexSpace.AffineMap (3.5s)
✔ [2148/2214] Built Mathlib.Topology.ContinuousMap.Bounded.Basic (13s)
✔ [2149/2220] Built Mathlib.LinearAlgebra.LinearPMap (25s)
✔ [2150/2220] Built Mathlib.Geometry.Convex.ConvexSpace.Topology (3.7s)
✔ [2151/2220] Built Mathlib.LinearAlgebra.AffineSpace.Combination (8.2s)
✔ [2152/2220] Built Mathlib.Geometry.Convex.ConvexSpace.Barycenter (3.5s)
✔ [2153/2220] Built Mathlib.Geometry.Convex.ConvexSpace.Prod (4.4s)
✔ [2154/2220] Built Mathlib.CategoryTheory.Pi.Basic (9.2s)
✔ [2155/2222] Built Mathlib.Tactic.Peel (3.6s)
✔ [2156/2222] Built Mathlib.Topology.Instances.ZMultiples (4.5s)
✔ [2157/2223] Built Mathlib.Analysis.Normed.Module.Seminorm.Basic (25s)
✔ [2158/2223] Built Mathlib.Topology.Algebra.Affine (4.5s)
✔ [2159/2226] Built Mathlib.Topology.NhdsKer (3.3s)
✔ [2160/2231] Built Mathlib.Geometry.Convex.ConvexSpace.CompactSpaceStdSimplex (4.2s)
✔ [2161/2231] Built Mathlib.Geometry.Convex.ConvexSpace.PathConnectedSpaceStdSimplex (5.2s)
✔ [2162/2236] Built Mathlib.LinearAlgebra.AffineSpace.Centroid (4.3s)
✔ [2163/2240] Built Mathlib.Topology.Compactness.NhdsKer (3.5s)
✔ [2164/2243] Built Mathlib.LinearAlgebra.Basis.VectorSpace (7.5s)
✔ [2165/2243] Built Mathlib.Geometry.Convex.Set (5.1s)
✔ [2166/2243] Built Mathlib.Tactic.SuppressCompilation (2.9s)
✔ [2167/2243] Built Mathlib.Topology.Instances.AddCircle.Real (5.0s)
✔ [2168/2243] Built Mathlib.Analysis.Normed.Module.Seminorm.Norm (5.3s)
✔ [2169/2243] Built Mathlib.CategoryTheory.Monoidal.Category (13s)
✔ [2170/2245] Built Mathlib.CategoryTheory.Discrete.Basic (6.3s)
✔ [2171/2246] Built Mathlib.Topology.NoetherianSpace (3.5s)
✔ [2172/2246] Built Mathlib.Dynamics.FixedPoints.Topology (2.9s)
✔ [2173/2246] Built Mathlib.Topology.ContinuousMap.Star (4.7s)
✔ [2174/2246] Built Mathlib.Topology.AlexandrovDiscrete (3.5s)
✔ [2175/2246] Built Mathlib.Geometry.Convex.Star (3.6s)
✔ [2176/2246] Built Mathlib.Topology.Algebra.SeparationQuotient.Section (4.4s)
✔ [2177/2246] Built Mathlib.Tactic.CategoryTheory.MonoidalComp (3.7s)
✔ [2178/2246] Built Mathlib.CategoryTheory.Products.Unitor (3.6s)
✔ [2179/2246] Built Mathlib.Tactic.ComputeAsymptotics.Multiseries.Monomial.Predicates (3.0s)
✔ [2180/2247] Built Mathlib.Analysis.Asymptotics.AsymptoticEquivalent (7.2s)
✔ [2181/2248] Built Mathlib.Analysis.Normed.Group.AddCircle (8.2s)
✔ [2182/2248] Built Mathlib.Topology.QuasiSeparated (5.8s)
✔ [2183/2253] Built Mathlib.Topology.MetricSpace.Contracting (7.1s)
✔ [2184/2263] Built Mathlib.Topology.Connected.LocallyPathConnected (6.3s)
✔ [2185/2263] Built Mathlib.Analysis.LocallyConvex.Bounded (9.6s)
✔ [2186/2263] Built Mathlib.LinearAlgebra.AffineSpace.Independent (10s)
✔ [2187/2265] Built Mathlib.Algebra.MonoidAlgebra.Support (4.7s)
✔ [2188/2265] Built Mathlib.Data.Nat.Cast.WithTop (2.1s)
✔ [2189/2265] Built Mathlib.Tactic.CategoryTheory.Monoidal.Datatypes (7.4s)
✔ [2190/2265] Built Mathlib.Tactic.DeriveCountable (3.1s)
✔ [2191/2265] Built Mathlib.Topology.Sets.Compacts (6.2s)
✔ [2192/2268] Built Mathlib.Tactic.DeriveEncodable (4.0s)
✔ [2193/2268] Built Mathlib.Topology.Algebra.Module.UniformConvergence (5.1s)
✔ [2194/2268] Built Mathlib.Control.Traversable.Lemmas (2.2s)
✔ [2195/2269] Built Mathlib.Data.Nat.WithBot (2.9s)
✔ [2196/2269] Built Mathlib.Algebra.Polynomial.Coeff (5.5s)
✔ [2197/2269] Built Mathlib.LinearAlgebra.AffineSpace.Basis (7.6s)
✔ [2198/2269] Built Mathlib.Analysis.SpecialFunctions.Trigonometric.Angle (11s)
✔ [2199/2269] Built Mathlib.Algebra.MonoidAlgebra.Degree (7.9s)
✔ [2200/2269] Built Mathlib.LinearAlgebra.AffineSpace.Simplex.Basic (9.0s)
✔ [2201/2269] Built Mathlib.LinearAlgebra.Matrix.Determinant.Bird.Defs (3.9s)
✔ [2202/2269] Built Mathlib.Tactic.CategoryTheory.Monoidal.PureCoherence (6.9s)
✔ [2203/2269] Built Mathlib.Tactic.DuplicateDecls (2.9s)
✔ [2204/2270] Built Mathlib.Tactic.DeriveTraversable (3.0s)
✔ [2205/2271] Built Mathlib.Algebra.Polynomial.Eval.Coeff (4.0s)
✔ [2206/2273] Built Mathlib.CategoryTheory.Comma.Basic (19s)
✔ [2207/2273] Built Mathlib.Tactic.CategoryTheory.Monoidal.Normalize (9.3s)
✔ [2208/2274] Built Mathlib.Geometry.Convex.ConvexSpace.Module (21s)
✔ [2209/2274] Built Mathlib.LinearAlgebra.Matrix.Echelon.Basic (3.9s)
✔ [2210/2274] Built Mathlib.Algebra.Polynomial.Degree.Defs (5.3s)
✔ [2211/2274] Built Mathlib.Analysis.SpecialFunctions.Complex.Arg (6.9s)
✔ [2212/2275] Built Mathlib.Tactic.Determinant.Bird.Meta (7.3s)
✔ [2213/2275] Built Mathlib.Algebra.Module.Submodule.IterateMapComap (3.9s)
✔ [2214/2275] Built Mathlib.LinearAlgebra.Basis.Submodule (6.6s)
✔ [2215/2276] Built Mathlib.Geometry.Convex.ConvexSpace.ModuleTopology (4.7s)
✔ [2216/2276] Built Mathlib.LinearAlgebra.Dimension.Basic (6.7s)
✔ [2217/2276] Built Mathlib.CategoryTheory.Comma.Arrow (8.1s)
✔ [2218/2276] Built Mathlib.Algebra.Polynomial.Degree.Operations (6.9s)
✔ [2219/2276] Built Mathlib.Algebra.Order.SuccPred.PartialSups (4.3s)
✔ [2220/2276] Built Mathlib.Analysis.SpecialFunctions.Complex.Log (6.5s)
✔ [2221/2276] Built Mathlib.LinearAlgebra.Dimension.Finrank (4.9s)
✔ [2222/2276] Built Mathlib.Analysis.Convex.Combination (14s)
✔ [2223/2276] Built Mathlib.Algebra.Module.Congruence.Defs (5.1s)
✔ [2224/2276] Built Mathlib.Topology.Algebra.Module.Spaces.UniformConvergenceCLM (18s)
✔ [2225/2278] Built Mathlib.Tactic.Determinant.Bird.Cert (6.4s)
✔ [2226/2278] Built Mathlib.Tactic.CategoryTheory.Monoidal.Basic (11s)
✔ [2227/2278] Built Mathlib.CategoryTheory.CommSq (4.8s)
✔ [2228/2285] Built Mathlib.Algebra.Polynomial.Degree.Support (4.2s)
✔ [2229/2287] Built Mathlib.Order.Cofinal (2.4s)
✔ [2230/2288] Built Mathlib.CategoryTheory.MorphismProperty.Basic (5.7s)
✔ [2231/2288] Built Mathlib.Algebra.Polynomial.Degree.Domain (3.9s)
✔ [2232/2288] Built Mathlib.Algebra.Polynomial.Degree.SmallDegree (4.7s)
✔ [2233/2295] Built Mathlib.Order.SuccPred.InitialSeg (3.5s)
✔ [2234/2296] Built Mathlib.Analysis.SpecialFunctions.Pow.Complex (6.1s)
✔ [2235/2301] Built Mathlib.Order.DirSupClosed (4.4s)
✔ [2236/2307] Built Mathlib.Order.Shrink (4.1s)
✔ [2237/2310] Built Mathlib.Analysis.Convex.StdSimplex (7.8s)
✔ [2238/2310] Built Mathlib.SetTheory.Cardinal.Cofinality.Basic (4.9s)
✔ [2239/2315] Built Mathlib.CategoryTheory.Groupoid (5.4s)
✔ [2240/2316] Built Mathlib.Logic.Small.List (3.7s)
✔ [2241/2316] Built Mathlib.Algebra.Polynomial.Degree.Units (5.4s)
✔ [2242/2323] Built Mathlib.Analysis.Convex.Jensen (10s)
✔ [2243/2324] Built Mathlib.LinearAlgebra.Dimension.Subsingleton (3.9s)
✔ [2244/2324] Built Mathlib.Order.IsNormal (5.3s)
✔ [2245/2325] Built Mathlib.Logic.Equiv.Multiset (4.0s)
✔ [2246/2325] Built Mathlib.CategoryTheory.EpiMono (5.4s)
✔ [2247/2325] Built Mathlib.Algebra.Polynomial.Eval.Degree (5.8s)
✔ [2248/2326] Built Mathlib.Analysis.SpecialFunctions.Pow.Real (11s)
✔ [2249/2328] Built Mathlib.Analysis.Convex.Topology (9.1s)
✔ [2250/2328] Built Mathlib.Algebra.Field.Subfield.Basic (8.5s)
✔ [2251/2328] Built Mathlib.LinearAlgebra.Dual.Basis (5.8s)
✔ [2252/2328] Built Mathlib.Logic.Equiv.Finset (3.9s)
✔ [2253/2328] Built Mathlib.CategoryTheory.Types.Basic (4.9s)
✔ [2254/2328] Built Mathlib.Algebra.Polynomial.Degree.Lemmas (5.1s)
✔ [2255/2328] Built Mathlib.Algebra.FreeMonoid.UniqueProds (3.1s)
✔ [2256/2329] Built Mathlib.Algebra.Exact.Basic (14s)
✔ [2257/2330] Built Mathlib.Logic.Encodable.Pi (3.1s)
✔ [2258/2330] Built Mathlib.Topology.Algebra.Module.LocallyConvex (5.6s)
✔ [2259/2333] Built Mathlib.SetTheory.Ordinal.Basic (10s)
✔ [2260/2333] Built Mathlib.CategoryTheory.Functor.Hom (3.3s)
✔ [2261/2333] Built Mathlib.Analysis.Normed.Module.Convex (7.4s)
✔ [2262/2333] Built Mathlib.Algebra.Regular.Pow (2.0s)
✔ [2263/2333] Built Mathlib.Data.W.Basic (3.3s)
✔ [2264/2333] Built Mathlib.Analysis.SpecialFunctions.Pow.NNReal (9.9s)
✔ [2265/2333] Built Mathlib.Data.Finsupp.Antidiagonal (3.3s)
✔ [2266/2333] Built Mathlib.RingTheory.Finiteness.Finsupp (5.1s)
✔ [2267/2337] Built Mathlib.Tactic.ComputeDegree (5.7s)
✔ [2268/2337] Built Mathlib.CategoryTheory.Category.Cat (7.2s)
✔ [2269/2337] Built Mathlib.Topology.Algebra.Module.Spaces.ContinuousLinearMap (27s)
✔ [2270/2339] Built Mathlib.Tactic.Polynomial.Core (1.3s)
✔ [2271/2341] Built Mathlib.SetTheory.Ordinal.Univ (2.0s)
✔ [2272/2345] Built Mathlib.Algebra.Polynomial.Eval.Algebra (2.0s)
✔ [2273/2357] Built Mathlib.Algebra.Polynomial.Monomial (3.5s)
✔ [2274/2357] Built Mathlib.Tactic.CategoryTheory.ToApp (4.1s)
✔ [2275/2357] Built Mathlib.Algebra.Algebra.Subalgebra.Prod (4.3s)
✔ [2276/2358] Built Mathlib.Analysis.SpecialFunctions.Pow.Asymptotics (5.8s)
✔ [2277/2358] Built Mathlib.SetTheory.Ordinal.Arithmetic (6.0s)
✔ [2278/2360] Built Mathlib.Data.Finsupp.Fin (3.7s)
✔ [2279/2360] Built Mathlib.Algebra.Polynomial.Degree.Monomial (4.2s)
✔ [2280/2362] Built Mathlib.Algebra.MonoidAlgebra.Basic (17s)
✔ [2281/2362] Built Mathlib.Algebra.Polynomial.Degree.TrailingDegree (6.1s)
✔ [2282/2362] Built Mathlib.RingTheory.Adjoin.Basic (5.4s)
✔ [2283/2362] Built Mathlib.Tactic.ComputeAsymptotics.Multiseries.Majorized (6.7s)
✔ [2284/2362] Built Mathlib.Algebra.BigOperators.Finsupp.Fin (4.7s)
✔ [2285/2362] Built Mathlib.SetTheory.Ordinal.Family (7.3s)
✔ [2286/2362] Built Mathlib.RingTheory.Finiteness.Lattice (5.2s)
✔ [2287/2362] Built Mathlib.CategoryTheory.Bicategory.Functor.Oplax (11s)
✔ [2288/2362] Built Mathlib.CategoryTheory.Bicategory.Functor.Lax (13s)
✔ [2289/2362] Built Mathlib.Algebra.Polynomial.EraseLead (9.5s)
✔ [2290/2363] Built Mathlib.Analysis.LocallyConvex.WithSeminorms (22s)
✔ [2291/2364] Built Mathlib.SetTheory.Cardinal.Cofinality.Enum (7.7s)
✔ [2292/2364] Built Mathlib.Tactic.IntervalCases (9.1s)
✔ [2293/2364] Built Mathlib.Algebra.FreeAlgebra (11s)
✔ [2294/2370] Built Mathlib.SetTheory.Ordinal.Enum (6.7s)
✔ [2295/2372] Built Mathlib.SetTheory.Ordinal.Exponential (8.5s)
✔ [2296/2372] Built Mathlib.Algebra.Polynomial.Reverse (7.9s)
✔ [2297/2374] Built Mathlib.Data.Fintype.Perm (7.4s)
✔ [2298/2374] Built Mathlib.Algebra.Polynomial.AlgebraMap (17s)
✔ [2299/2378] Built Mathlib.Data.Fintype.Inv (5.4s)
✔ [2300/2378] Built Mathlib.Algebra.MvPolynomial.Basic (18s)
✔ [2301/2378] Built Mathlib.GroupTheory.Perm.Support (7.9s)
✔ [2302/2378] Built Mathlib.RingTheory.LocalRing.Defs (3.0s)
✔ [2303/2381] Built Mathlib.CategoryTheory.Yoneda (32s)
✔ [2304/2381] Built Mathlib.SetTheory.Ordinal.FixedPoint (6.3s)
✔ [2305/2381] Built Mathlib.Logic.Equiv.Fintype (5.7s)
✔ [2306/2381] Built Mathlib.Algebra.Polynomial.Monic (8.9s)
✔ [2307/2381] Built Mathlib.RingTheory.LocalRing.Basic (6.1s)
✔ [2308/2382] Built Mathlib.Algebra.Star.TensorProduct (8.8s)
✔ [2309/2382] Built Mathlib.SetTheory.Ordinal.Principal (7.3s)
✔ [2310/2382] Built Mathlib.CategoryTheory.Bicategory.Functor.Pseudofunctor (26s)
✔ [2311/2382] Built Mathlib.Data.ZMod.QuotientGroup (10s)
✔ [2312/2385] Built Mathlib.Algebra.Polynomial.BigOperators (7.3s)
✔ [2313/2385] Built Mathlib.GroupTheory.Perm.Sign (7.9s)
✔ [2314/2385] Built Mathlib.Algebra.MvPolynomial.Eval (14s)
✔ [2315/2385] Built Mathlib.LinearAlgebra.SesquilinearForm.Basic (21s)
✔ [2316/2385] Built Mathlib.Analysis.Normed.Operator.Basic (26s)
✔ [2317/2385] Built Mathlib.GroupTheory.Perm.Option (4.2s)
✔ [2318/2392] Built Mathlib.Algebra.Group.Pointwise.Finset.Scalar (6.8s)
✔ [2319/2394] Built Mathlib.Order.PiLex (4.8s)
✔ [2320/2394] Built Mathlib.CategoryTheory.Adjunction.Basic (19s)
✔ [2321/2394] Built Mathlib.SetTheory.Cardinal.Aleph (7.0s)
✔ [2322/2394] Built Mathlib.Data.Sym.Sym2.Init (1.7s)
✔ [2323/2394] Built Mathlib.GroupTheory.SpecificGroups.Cyclic.Basic (7.3s)
✔ [2324/2395] Built Mathlib.RingTheory.Adjoin.Polynomial.Basic (5.5s)
✔ [2325/2395] Built Mathlib.Algebra.MvPolynomial.Rename (6.0s)
✔ [2326/2396] Built Mathlib.Order.Fin.Tuple (5.3s)
✔ [2327/2396] Built Mathlib.LinearAlgebra.Matrix.SemiringInverse (8.7s)
✔ [2328/2399] Built Mathlib.CategoryTheory.Adjunction.FullyFaithful (7.4s)
✔ [2329/2399] Built Mathlib.Data.Finite.Perm (6.5s)
✔ [2330/2399] Built Mathlib.SetTheory.Cardinal.Arithmetic (8.0s)
✔ [2331/2399] Built Mathlib.GroupTheory.Perm.Basic (5.2s)
✔ [2332/2400] Built Mathlib.CategoryTheory.Bicategory.Free (17s)
✔ [2333/2400] Built Mathlib.Combinatorics.Enumerative.Composition (11s)
✔ [2334/2400] Built Mathlib.Data.Fin.Tuple.NatAntidiagonal (7.2s)
✔ [2335/2400] Built Mathlib.GroupTheory.Perm.Finite (6.5s)
✔ [2336/2401] Built Mathlib.Data.W.Cardinal (5.8s)
✔ [2337/2401] Built Mathlib.GroupTheory.Perm.List (6.5s)
✔ [2338/2401] Built Mathlib.SetTheory.Cardinal.Finsupp (5.9s)
✔ [2339/2401] Built Mathlib.Algebra.MvPolynomial.Degrees (10s)
✔ [2340/2401] Built Mathlib.Data.Sym.Sym2 (15s)
✔ [2341/2407] Built Mathlib.RingTheory.TensorProduct.Basic (31s)
✔ [2342/2407] Built Mathlib.Data.List.Iterate (2.9s)
✔ [2343/2407] Built Mathlib.Data.Set.Pairwise.List (3.3s)
✔ [2344/2407] Built Mathlib.SetTheory.Cardinal.Ordinal (5.9s)
✔ [2345/2407] Built Mathlib.Topology.ContinuousMap.Bounded.Normed (23s)
✔ [2346/2407] Built Mathlib.Tactic.CategoryTheory.BicategoryCoherence (5.1s)
✔ [2347/2416] Built Mathlib.SetTheory.Cardinal.Subfield (5.5s)
✔ [2348/2416] Built Mathlib.SetTheory.Cardinal.Cofinality.Ordinal (7.9s)
✔ [2349/2416] Built Mathlib.Data.Nat.GCD.BigOperators (5.1s)
✔ [2350/2417] Built Mathlib.GroupTheory.Perm.Cycle.Basic (10s)
✔ [2351/2418] Built Mathlib.Data.List.Sym (8.8s)
✔ [2352/2418] Built Mathlib.Algebra.BigOperators.Group.Finset.Powerset (6.0s)
✔ [2353/2421] Built Mathlib.SetTheory.Ordinal.FundamentalSequence (6.7s)
✔ [2354/2421] Built Mathlib.Topology.ContinuousMap.Bounded.Star (9.7s)
✔ [2355/2421] Built Mathlib.Tactic.NormNum.GCD (10s)
✔ [2356/2425] Built Mathlib.Data.Multiset.Sym (4.8s)
✔ [2357/2425] Built Mathlib.GroupTheory.Perm.Closure (6.8s)
✔ [2358/2425] Built Mathlib.LinearAlgebra.Matrix.Symmetric (6.2s)
✔ [2359/2427] Built Mathlib.GroupTheory.NoncommPiCoprod (9.6s)
✔ [2360/2429] Built Mathlib.Algebra.MvPolynomial.Equiv (16s)
✔ [2361/2429] Built Mathlib.SetTheory.Cardinal.Regular (6.6s)
✔ [2362/2437] Built Mathlib.Data.Finset.Sym (5.8s)
✔ [2363/2437] Built Mathlib.LinearAlgebra.Matrix.Invertible (8.5s)
✔ [2364/2438] Built Mathlib.LinearAlgebra.Matrix.Trace (6.0s)
✔ [2365/2438] Built Mathlib.LinearAlgebra.Matrix.DotProduct (5.8s)
✔ [2366/2441] Built Mathlib.Tactic.Echelon.Core (2.3s)
✔ [2367/2441] Built Mathlib.GroupTheory.Perm.Cycle.Factors (8.2s)
✔ [2368/2441] Built Mathlib.LinearAlgebra.Matrix.Dual (5.9s)
✔ [2369/2444] Built Mathlib.SetTheory.Cardinal.Pigeonhole (4.0s)
✔ [2370/2444] Built Mathlib.CategoryTheory.Monoidal.Functor (35s)
✔ [2371/2446] Built Mathlib.Tactic.Eval (1.5s)
✔ [2372/2447] Built Mathlib.Topology.ContinuousMap.Compact (12s)
✔ [2373/2447] Built Mathlib.Tactic.Explode.Datatypes (1.6s)
✔ [2374/2447] Built Mathlib.Tactic.Echelon.Parsing (4.4s)
✔ [2375/2447] Built Mathlib.Tactic.Echelon.Rat (3.3s)
✔ [2376/2448] Built Mathlib.Algebra.Order.Antidiag.Pi (5.9s)
✔ [2377/2448] Built Mathlib.Tactic.Ext (1.8s)
✔ [2378/2449] Built Mathlib.Tactic.FindSyntax (2.3s)
✔ [2379/2450] Built Mathlib.Tactic.Explode.Pretty (1.8s)
✔ [2380/2450] Built Mathlib.Tactic.GCongr.CoreAttrs (1.9s)
✔ [2381/2450] Built Mathlib.Tactic.Generalize (1.7s)
✔ [2382/2450] Built Mathlib.LinearAlgebra.Basis.Cardinality (5.5s)
✔ [2383/2453] Built Mathlib.Tactic.Have (2.1s)
✔ [2384/2453] Built Mathlib.LinearAlgebra.Multilinear.Basic (20s)
✔ [2385/2458] Built Mathlib.NumberTheory.Zsqrtd.Basic (8.8s)
✔ [2386/2458] Built Mathlib.Tactic.Explode (2.2s)
✔ [2387/2458] Built Mathlib.Tactic.Inclusion.Core.Types (1.8s)
✔ [2388/2459] Built Mathlib.Algebra.Order.Antidiag.Finsupp (5.3s)
✔ [2389/2459] Built Mathlib.Tactic.Inclusion.Core.ToSet (2.8s)
✔ [2390/2462] Built Mathlib.Tactic.Inclusion.Core.DiscrTreeExt (2.1s)
✔ [2391/2463] Built Mathlib.CategoryTheory.Monoidal.Free.Basic (8.7s)
✔ [2392/2463] Built Mathlib.Tactic.ITauto (5.0s)
✔ [2393/2463] Built Mathlib.RingTheory.Finiteness.Cardinality (4.9s)
✔ [2394/2463] Built Mathlib.Tactic.Inclusion.Core.Extensions (1.8s)
✔ [2395/2463] Built Mathlib.Tactic.Inclusion.Core.Expr (2.5s)
✔ [2396/2463] Built Mathlib.Topology.MetricSpace.UniformConvergence (10s)
✔ [2397/2467] Built Mathlib.Combinatorics.Enumerative.Partition.Basic (4.5s)
✔ [2398/2467] Built Mathlib.Tactic.Echelon.Zsqrtd (4.0s)
✔ [2399/2467] Built Mathlib.Tactic.CategoryTheory.Coherence (4.4s)
✔ [2400/2468] Built Mathlib.Tactic.Inclusion.Extension.Core.Init (1.5s)
✔ [2401/2468] Built Mathlib.RingTheory.Finiteness.Projective (4.1s)
✔ [2402/2471] Built Mathlib.LinearAlgebra.FreeModule.Finite.Basic (4.1s)
✔ [2403/2474] Built Mathlib.RingTheory.OrzechProperty (4.1s)
✔ [2404/2475] Built Batteries.Lean.HashMap (685ms)
✔ [2405/2476] Built Mathlib.LinearAlgebra.Multilinear.DFinsupp (9.3s)
✔ [2406/2476] Built Mathlib.Data.Dyadic (2.5s)
✔ [2407/2477] Built Mathlib.Tactic.Linter.CommandRanges (1.3s)
✔ [2408/2477] Built Mathlib.RingTheory.Noetherian.Basic (6.1s)
✔ [2409/2477] Built Mathlib.Tactic.Inclusion.Core.Inclusion (5.2s)
✔ [2410/2477] Built Mathlib.Tactic.Linarith.NNRealPreprocessor (3.5s)
✔ [2411/2479] Built Mathlib.RingTheory.TensorProduct.Maps (43s)
✔ [2412/2479] Built Mathlib.Tactic.Linter.DeprecatedModule (1.3s)
✔ [2413/2479] Built Mathlib.GroupTheory.Perm.Cycle.Type (5.7s)
✔ [2414/2480] Built Mathlib.Tactic.Linter.FindDeprecations (2.2s)
✔ [2415/2480] Built Mathlib.Tactic.ComputeAsymptotics.Multiseries.Corecursion (6.7s)
✔ [2416/2480] Built Mathlib.Tactic.LinearCombinationPrime (4.6s)
✔ [2417/2483] Built Mathlib.Tactic.Linarith.Oracle.FourierMotzkin (3.7s)
✔ [2418/2483] Built Mathlib.Tactic.Inclusion.ExtensionAPI.Basic (2.5s)
✔ [2419/2484] Built Mathlib.Tactic.Inclusion.Core.Core (1.0s)
✔ [2420/2484] Built Mathlib.Tactic.Measurability.Init (1.4s)
✔ [2421/2486] Built Mathlib.Tactic.Linter.TextBased.UnicodeLinter (2.2s)
✔ [2422/2486] Built Mathlib.RingTheory.Noetherian.Orzech (3.8s)
✔ [2423/2486] Built Mathlib.LinearAlgebra.Multilinear.Finsupp (6.2s)
✔ [2424/2486] Built Mathlib.Tactic.Monotonicity.Basic (1.8s)
✔ [2425/2487] Built Mathlib.Tactic.ModCases (3.2s)
✔ [2426/2487] Built Mathlib.Tactic.Inclusion.Core.Elab (2.9s)
✔ [2427/2487] Built Mathlib.Tactic.Measurability (2.7s)
✔ [2428/2487] Built Mathlib.RingTheory.Polynomial.Basic (8.2s)
✔ [2429/2489] Built Mathlib.Tactic.Linter.ValidatePRTitle (3.6s)
✔ [2430/2490] Built Mathlib.Tactic.Monotonicity.Lemmas (2.8s)
✔ [2431/2491] Built Mathlib.Tactic.Inclusion.ExtensionAPI.Attr (5.8s)
✔ [2432/2491] Built Mathlib.GroupTheory.Perm.Fin (7.2s)
✔ [2433/2491] Built Mathlib.Tactic.Linter.TextBased (4.4s)
✔ [2434/2493] Built Mathlib.Tactic.MoveAdd (2.7s)
✔ [2435/2493] Built Mathlib.LinearAlgebra.Multilinear.Basis (3.0s)
✔ [2436/2493] Built Mathlib.Tactic.Monotonicity (2.1s)
✔ [2437/2500] Built Mathlib.Tactic.Inclusion.Extension.Core.Core (1.0s)
✔ [2438/2500] Built Mathlib.Data.Nat.Prime.Int (2.4s)
✔ [2439/2500] Built Mathlib.Tactic.ComputeAsymptotics.Multiseries.Defs (9.7s)
✔ [2440/2500] Built Mathlib.LinearAlgebra.InvariantBasisNumber (5.3s)
✔ [2441/2505] Built Mathlib.RingTheory.Adjoin.FG (4.1s)
✔ [2442/2505] Built Mathlib.Data.Rat.Sqrt (2.7s)
✔ [2443/2505] Built Mathlib.Algebra.Order.Ring.GeomSum (3.4s)
✔ [2444/2506] Built Mathlib.Data.Nat.Choose.Central (3.5s)
✔ [2445/2507] Built Mathlib.Tactic.Inclusion.Extension.Interval (23s)
✔ [2446/2507] Built Mathlib.Data.Nat.Digits.Defs (4.6s)
✔ [2447/2507] Built Mathlib.Tactic.ComputeAsymptotics.Multiseries.Trimming (5.8s)
✔ [2448/2507] Built Mathlib.Tactic.ComputeAsymptotics.Multiseries.Basis (8.2s)
✔ [2449/2508] Built Mathlib.Algebra.MonoidAlgebra.Division (6.0s)
✔ [2450/2508] Built Mathlib.LinearAlgebra.Matrix.InvariantBasisNumber (8.4s)
✔ [2451/2508] Built Mathlib.LinearAlgebra.Dimension.StrongRankCondition (9.7s)
✔ [2452/2508] Built Mathlib.RingTheory.Algebraic.Defs (8.8s)
✔ [2453/2509] Built Mathlib.Tactic.Inclusion.Extension.IntervalDyadicReal.Init (6.5s)
✔ [2454/2509] Built Mathlib.RingTheory.Polynomial.Tower (8.7s)
✔ [2455/2509] Built Mathlib.RingTheory.Adjoin.Tower (10s)
✔ [2456/2509] Built Mathlib.Tactic.Inclusion.Extension.IntervalDyadicReal.Hypotheses (6.4s)
✔ [2457/2509] Built Mathlib.Algebra.Polynomial.CancelLeads (8.6s)
✔ [2458/2509] Built Mathlib.Data.Nat.Digits.Lemmas (11s)
✔ [2459/2510] Built Mathlib.Tactic.Inclusion.Extension.IntervalDyadicReal.BinarySplit (6.7s)
✔ [2460/2510] Built Mathlib.Algebra.Polynomial.Derivative (20s)
✔ [2461/2512] Built Mathlib.Tactic.ComputeAsymptotics.Multiseries.Monomial.Basic (12s)
✔ [2462/2512] Built Mathlib.Algebra.Polynomial.Inductions (11s)
✔ [2463/2518] Built Mathlib.Tactic.ComputeAsymptotics.Multiseries.Basic (16s)
✔ [2464/2529] Built Mathlib.Algebra.Field.Equiv (5.3s)
✔ [2465/2529] Built Mathlib.Algebra.Polynomial.Eval.SMul (7.1s)
✔ [2466/2534] Built Mathlib.Tactic.Inclusion.Extension.IntervalDyadicReal.Basic (7.3s)
✔ [2467/2534] Built Mathlib.Data.Nat.Choose.Factorization (9.1s)
✔ [2468/2540] Built Mathlib.LinearAlgebra.Dimension.Free (17s)
✔ [2469/2540] Built Mathlib.Algebra.Group.TypeTags.Pointwise (5.3s)
✔ [2470/2541] Built Mathlib.LinearAlgebra.Alternating.Basic (31s)
✔ [2471/2541] Built Mathlib.GroupTheory.GroupAction.FixedPoints (9.4s)
✔ [2472/2541] Built Mathlib.GroupTheory.OreLocalization.OreSet (6.1s)
✔ [2473/2542] Built Mathlib.RingTheory.EuclideanDomain (7.1s)
✔ [2474/2542] Built Mathlib.Tactic.Inclusion.Extension.IntervalDyadicReal.Rational (9.7s)
✔ [2475/2542] Built Mathlib.RingTheory.UniqueFactorizationDomain.Basic (11s)
✔ [2476/2542] Built Mathlib.Data.Nat.Multiplicity (9.6s)
✔ [2477/2542] Built Mathlib.Algebra.Polynomial.Div (16s)
✔ [2478/2542] Built Mathlib.RingTheory.FiniteType (22s)
✔ [2479/2542] Built Mathlib.GroupTheory.GroupAction.FixingSubgroup (10s)
✔ [2480/2542] Built Mathlib.Tactic.NormNum.IsCoprime (8.8s)
✔ [2481/2542] Built Mathlib.LinearAlgebra.FiniteDimensional.Defs (11s)
✔ [2482/2542] Built Mathlib.Data.Finsupp.Weight (16s)
✔ [2483/2542] Built Mathlib.Tactic.Inclusion.Extension.IntervalDyadicReal.Tactic (6.8s)
✔ [2484/2543] Built Mathlib.LinearAlgebra.Dimension.Constructions (17s)
✔ [2485/2544] Built Mathlib.RingTheory.UniqueFactorizationDomain.NormalizedFactors (7.7s)
✔ [2486/2544] Built Mathlib.Algebra.CharP.Lemmas (8.1s)
✔ [2487/2546] Built Mathlib.Algebra.Polynomial.RingDivision (8.7s)
✔ [2488/2546] Built Mathlib.RingTheory.UniqueFactorizationDomain.FactorSet (9.1s)
✔ [2489/2546] Built Mathlib.Tactic.NormNum.IsSquare (11s)
✔ [2490/2546] Built Mathlib.Data.Fintype.Parity (4.3s)
✔ [2491/2546] Built Mathlib.Order.Filter.TendstoCofinite (5.5s)
✔ [2492/2546] Built Mathlib.LinearAlgebra.FreeModule.StrongRankCondition (5.9s)
✔ [2493/2547] Built Mathlib.LinearAlgebra.Matrix.Determinant.Basic (14s)
✔ [2494/2547] Built Mathlib.Data.Int.Range (2.8s)
✔ [2495/2547] Built Mathlib.GroupTheory.OreLocalization.Basic (15s)
✔ [2496/2548] Built Mathlib.RingTheory.UniqueFactorizationDomain.Finite (4.5s)
✔ [2497/2548] Built Mathlib.LinearAlgebra.Dimension.FreeAndStrongRankCondition (6.8s)
✔ [2498/2549] Built Mathlib.RingTheory.UniqueFactorizationDomain.GCDMonoid (5.1s)
✔ [2499/2549] Built Mathlib.Algebra.CharP.Frobenius (5.4s)
✔ [2500/2549] Built Mathlib.LinearAlgebra.Dimension.ErdosKaplansky (8.4s)
✔ [2501/2550] Built Mathlib.LinearAlgebra.Dimension.Finite (8.7s)
✔ [2502/2551] Built Mathlib.LinearAlgebra.Matrix.Determinant.Bird.Correctness (7.6s)
✔ [2503/2552] Built Mathlib.LinearAlgebra.Matrix.Polynomial (6.7s)
✔ [2504/2552] Built Mathlib.LinearAlgebra.Matrix.MvPolynomial (6.8s)
✔ [2505/2552] Built Mathlib.NumberTheory.MulChar.Basic (10s)
✔ [2506/2552] Built Mathlib.RingTheory.OreLocalization.Basic (6.5s)
✔ [2507/2552] Built Mathlib.Algebra.Field.ZMod (5.6s)
✔ [2508/2552] Built Mathlib.LinearAlgebra.Matrix.Reindex (8.9s)
✔ [2509/2552] Built Mathlib.Data.ZMod.ValMinAbs (6.8s)
✔ [2510/2552] Built Mathlib.LinearAlgebra.Matrix.Kronecker (14s)
✔ [2511/2552] Built Mathlib.Algebra.Polynomial.Expand (8.9s)
✔ [2512/2552] Built Mathlib.LinearAlgebra.FreeModule.Finite.Matrix (9.5s)
✔ [2513/2552] Built Mathlib.FieldTheory.Finiteness (7.7s)
✔ [2514/2553] Built Mathlib.FieldTheory.Galois.Notation (5.9s)
✔ [2515/2557] Built Mathlib.Tactic.NormDet (7.4s)
✔ [2516/2558] Built Mathlib.LinearAlgebra.Dimension.RankNullity (10s)
✔ [2517/2560] Built Mathlib.RingTheory.OreLocalization.NonZeroDivisors (6.0s)
✔ [2518/2560] Built Mathlib.GroupTheory.MonoidLocalization.Basic (19s)
✔ [2519/2561] Built Mathlib.NumberTheory.LegendreSymbol.ZModChar (9.1s)
✔ [2520/2561] Built Mathlib.RingTheory.IntegralClosure.IsIntegral.Defs (6.2s)
✔ [2521/2561] Built Mathlib.LinearAlgebra.FiniteDimensional.Basic (15s)
✔ [2522/2561] Built Mathlib.RingTheory.Finiteness.Bilinear (6.3s)
✔ [2523/2561] Built Mathlib.LinearAlgebra.Matrix.Adjugate (11s)
✔ [2524/2561] Built Mathlib.LinearAlgebra.Dimension.OrzechProperty (16s)
✔ [2525/2561] Built Mathlib.LinearAlgebra.Dimension.LinearMap (8.4s)
✔ [2526/2561] Built Mathlib.LinearAlgebra.Matrix.Transvection (9.6s)
✔ [2527/2561] Built Mathlib.RingTheory.Finiteness.Ideal (6.4s)
✔ [2528/2567] Built Mathlib.GroupTheory.MonoidLocalization.Divisibility (4.8s)
✔ [2529/2567] Built Mathlib.RingTheory.MvPolynomial.Tower (6.1s)
✔ [2530/2568] Built Mathlib.LinearAlgebra.Dimension.DivisionRing (8.4s)
✔ [2531/2568] Built Mathlib.RingTheory.Ideal.Quotient.Noetherian (6.3s)
✔ [2532/2572] Built Mathlib.RingTheory.Finiteness.Subalgebra (5.7s)
✔ [2533/2574] Built Mathlib.RingTheory.OreLocalization.Ring (8.4s)
✔ [2534/2574] Built Mathlib.LinearAlgebra.LinearIndependent.Algebra (5.6s)
✔ [2535/2575] Built Mathlib.LinearAlgebra.Matrix.Nondegenerate (9.1s)
✔ [2536/2580] Built Mathlib.LinearAlgebra.Matrix.Diagonal (9.3s)
✔ [2537/2582] Built Mathlib.RingTheory.UniqueFactorizationDomain.Multiplicity (7.6s)
✔ [2538/2584] Built Mathlib.RingTheory.OreLocalization.OreSet (5.6s)
✔ [2539/2589] Built Mathlib.RingTheory.IntegralClosure.IsIntegral.Basic (9.3s)
✔ [2540/2591] Built Mathlib.LinearAlgebra.Matrix.NonsingularInverse (15s)
✔ [2541/2593] Built Mathlib.GroupTheory.MonoidLocalization.Maps (17s)
✔ [2542/2593] Built Mathlib.Algebra.Ring.Int.Field (5.7s)
✔ [2543/2594] Built Mathlib.LinearAlgebra.FiniteDimensional.Lemmas (12s)
✔ [2544/2594] Built Mathlib.RingTheory.FinitePresentation (13s)
✔ [2545/2594] Built Mathlib.RingTheory.Nilpotent.Defs (5.5s)
✔ [2546/2594] Built Mathlib.Algebra.Polynomial.Identities (6.7s)
✔ [2547/2594] Built Mathlib.FieldTheory.Minpoly.Basic (8.7s)
✔ [2548/2594] Built Mathlib.RingTheory.IntegralClosure.Algebra.Defs (6.5s)
✔ [2549/2596] Built Mathlib.GroupTheory.MonoidLocalization.Away (6.2s)
✔ [2550/2599] Built Mathlib.Algebra.Module.SpanRank (8.9s)
✔ [2551/2599] Built Mathlib.GroupTheory.MonoidLocalization.MonoidWithZero (6.7s)
✔ [2552/2599] Built Mathlib.LinearAlgebra.Matrix.Block (10s)
✔ [2553/2606] Built Mathlib.Data.Nat.Factorial.Cast (4.8s)
✔ [2554/2606] Built Mathlib.RingTheory.IntegralClosure.IsIntegralClosure.Defs (5.8s)
✔ [2555/2612] Built Mathlib.Algebra.Polynomial.Eval.Subring (5.7s)
✔ [2556/2613] Built Mathlib.RingTheory.Nilpotent.Basic (6.8s)
✔ [2557/2613] Built Mathlib.RingTheory.MatrixAlgebra (19s)
✔ [2558/2615] Built Mathlib.LinearAlgebra.Matrix.SchurComplement (15s)
✔ [2559/2615] Built Mathlib.Data.Nat.Choose.Vandermonde (6.3s)
✔ [2560/2618] Built Mathlib.Data.Nat.Choose.Cast (4.9s)
✔ [2561/2619] Built Mathlib.Algebra.Polynomial.Lifts (7.1s)
✔ [2562/2619] Built Mathlib.Tactic.Positivity.Finset (8.8s)
✔ [2563/2620] Built Mathlib.RingTheory.Polynomial.Subring (7.5s)
✔ [2564/2621] Built Mathlib.RingTheory.Ideal.BigOperators (5.9s)
✔ [2565/2622] Built Mathlib.Algebra.Squarefree.Basic (7.0s)
✔ [2566/2623] Built Mathlib.LinearAlgebra.SModEq.Basic (9.6s)
✔ [2567/2623] Built Mathlib.RingTheory.Polynomial.Ideal (8.8s)
✔ [2568/2625] Built Mathlib.RingTheory.Localization.Defs (17s)
✔ [2569/2625] Built Mathlib.Tactic.Positivity (5.5s)
✔ [2570/2632] Built Mathlib.Algebra.CharP.Reduced (6.6s)
✔ [2571/2632] Built Mathlib.Algebra.Order.Hom.TypeTags (4.9s)
✔ [2572/2632] Built Mathlib.LinearAlgebra.Matrix.Action (8.2s)
✔ [2573/2632] Built Mathlib.RingTheory.Radical.Basic (7.6s)
✔ [2574/2632] Built Mathlib.LinearAlgebra.Matrix.Basis (10s)
✔ [2575/2632] Built Mathlib.LinearAlgebra.Dual.Lemmas (27s)
✔ [2576/2634] Built Mathlib.Data.ZMod.Aut (5.5s)
✔ [2577/2634] Built Mathlib.RingTheory.Localization.Integer (4.7s)
✔ [2578/2635] Built Mathlib.Data.Nat.Factorization.LCM (4.6s)
✔ [2579/2636] Built Mathlib.Algebra.Polynomial.HasseDeriv (8.1s)
✔ [2580/2636] Built Mathlib.GroupTheory.Subgroup.Simple (5.2s)
✔ [2581/2636] Built Mathlib.RingTheory.Nilpotent.Lemmas (7.1s)
✔ [2582/2636] Built Mathlib.Algebra.Ring.Action.ConjAct (5.2s)
✔ [2583/2643] Built Mathlib.RingTheory.Polynomial.Quotient (13s)
✔ [2584/2643] Built Mathlib.GroupTheory.Congruence.BigOperators (6.7s)
✔ [2585/2649] Built Mathlib.RingTheory.IsTensorProduct (54s)
✔ [2586/2649] Built Mathlib.RingTheory.Localization.Basic (16s)
✔ [2587/2649] Built Mathlib.Algebra.Polynomial.Taylor (9.7s)
✔ [2588/2649] Built Mathlib.GroupTheory.Exponent (11s)
✔ [2589/2649] Built Mathlib.RingTheory.Polynomial.Nilpotent (8.5s)
✔ [2590/2649] Built Mathlib.LinearAlgebra.Matrix.Rank (15s)
✔ [2591/2650] Built Mathlib.RingTheory.TwoSidedIdeal.Operations (9.5s)
✔ [2592/2651] Built Mathlib.LinearAlgebra.GeneralLinearGroup.AlgEquiv (7.6s)
✔ [2593/2651] Built Mathlib.RingTheory.Jacobson.Radical (7.2s)
✔ [2594/2651] Built Mathlib.RingTheory.PolynomialAlgebra (6.7s)
✔ [2595/2651] Built Mathlib.Data.Nat.Factorization.PrimePow (4.1s)
✔ [2596/2655] Built Mathlib.Data.PNat.Prime (4.1s)
✔ [2597/2655] Built Mathlib.LinearAlgebra.Matrix.Echelon.Pivot (6.7s)
✔ [2598/2655] Built Mathlib.RingTheory.TensorProduct.MonoidAlgebra (12s)
✔ [2599/2655] Built Mathlib.RingTheory.Jacobson.Ideal (6.0s)
✔ [2600/2655] Built Mathlib.Algebra.Order.Ring.IsNonarchimedean (6.2s)
✔ [2601/2655] Built Mathlib.RingTheory.MatrixPolynomialAlgebra (7.8s)
✔ [2602/2658] Built Mathlib.Data.Int.WithZero (5.7s)
✔ [2603/2659] Built Mathlib.RingTheory.Localization.Away.Basic (14s)
✔ [2604/2661] Built Mathlib.LinearAlgebra.Matrix.Echelon.Decomposition (6.2s)
✔ [2605/2661] Built Mathlib.GroupTheory.SpecificGroups.Cyclic (13s)
✔ [2606/2661] Built Mathlib.Algebra.Module.LocalizedModule.Basic (31s)
✔ [2607/2661] Built Mathlib.RingTheory.Localization.FractionRing (13s)
✔ [2608/2661] Built Mathlib.Algebra.Ring.Action.End (3.1s)
✔ [2609/2661] Built Mathlib.RingTheory.LocalRing.MaximalIdeal.Defs (4.5s)
✔ [2610/2661] Built Mathlib.RingTheory.TensorProduct.MvPolynomial (7.5s)
✔ [2611/2661] Built Mathlib.RingTheory.Spectrum.Maximal.Defs (4.9s)
✔ [2612/2664] Built Mathlib.LinearAlgebra.Matrix.Ideal (7.7s)
✔ [2613/2666] Built Mathlib.Algebra.Module.LocalizedModule.IsLocalization (6.1s)
✔ [2614/2666] Built Mathlib.Tactic.Echelon.Cert (6.7s)
✔ [2615/2667] Built Mathlib.FieldTheory.IntermediateField.Basic (22s)
✔ [2616/2667] Built Mathlib.LinearAlgebra.Matrix.Charpoly.Basic (8.8s)
✔ [2617/2667] Built Mathlib.Algebra.Polynomial.Laurent (8.7s)
✔ [2618/2669] Built Mathlib.FieldTheory.RatFunc.Defs (6.3s)
✔ [2619/2669] Built Mathlib.Algebra.CharP.Algebra (4.0s)
✔ [2620/2679] Built Mathlib.RingTheory.LocalRing.MaximalIdeal.Basic (4.6s)
✔ [2621/2681] Built Mathlib.RingTheory.Spectrum.Prime.Defs (3.3s)
✔ [2622/2682] Built Mathlib.RingTheory.SimpleRing.Matrix (4.3s)
✔ [2623/2685] Built Mathlib.RingTheory.Ideal.Pointwise (6.6s)
✔ [2624/2685] Built Mathlib.RingTheory.Ideal.Colon (5.8s)
✔ [2625/2685] Built Mathlib.Tactic.Echelon.Bareiss (5.2s)
✔ [2626/2685] Built Mathlib.Data.SetLike.Fintype (3.7s)
✔ [2627/2687] Built Mathlib.RingTheory.Localization.NumDen (5.2s)
✔ [2628/2687] Built Mathlib.Order.Filter.Subsingleton (3.9s)
✔ [2629/2687] Built Mathlib.RingTheory.Ideal.Quotient.Nilpotent (6.2s)
✔ [2630/2687] Built Mathlib.Algebra.Polynomial.Roots (11s)
✔ [2631/2692] Built Mathlib.RingTheory.Artinian.Defs (4.1s)
✔ [2632/2696] Built Mathlib.RingTheory.Localization.Module (9.8s)
✔ [2633/2696] Built Mathlib.RingTheory.Ideal.Quotient.PowTransition (7.2s)
✔ [2634/2696] Built Mathlib.LinearAlgebra.Matrix.Charpoly.Coeff (9.7s)
✔ [2635/2697] Built Mathlib.Order.Atoms.Finite (3.4s)
✔ [2636/2697] Built Mathlib.Order.CompactlyGenerated.Intervals (3.7s)
✔ [2637/2697] Built Mathlib.RingTheory.IsPrimary (4.9s)
✔ [2638/2697] Built Mathlib.Order.Filter.EventuallyConst (3.7s)
✔ [2639/2697] Built Mathlib.Control.Bifunctor (2.9s)
✔ [2640/2697] Built Mathlib.RingTheory.Ideal.Over (8.1s)
✔ [2641/2699] Built Mathlib.RingTheory.IntegralDomain (6.0s)
✔ [2642/2703] Built Mathlib.RingTheory.Spectrum.Maximal.Basic (3.8s)
✔ [2643/2703] Built Mathlib.Logic.Equiv.Functor (4.0s)
✔ [2644/2704] Built Mathlib.RingTheory.LocalRing.RingHom.Basic (5.7s)
✔ [2645/2707] Built Mathlib.Algebra.Polynomial.FieldDivision (9.1s)
✔ [2646/2707] Built Mathlib.RingTheory.Ideal.IsPrimary (6.0s)
✔ [2647/2707] Built Mathlib.Algebra.GroupWithZero.Submonoid.Instances (4.3s)
✔ [2648/2707] Built Mathlib.LinearAlgebra.Matrix.Charpoly.LinearMap (8.1s)
✔ [2649/2707] Built Mathlib.Algebra.Order.GroupWithZero.WithZero (4.4s)
✔ [2650/2707] Built Mathlib.RingTheory.RootsOfUnity.Basic (8.1s)
✔ [2651/2707] Built Mathlib.RingTheory.Bezout (4.4s)
✔ [2652/2707] Built Mathlib.Order.JordanHolder (8.7s)
✔ [2653/2710] Built Mathlib.RingTheory.Ideal.MinimalPrime.Basic (6.4s)
✔ [2654/2710] Built Mathlib.Algebra.Module.LocalizedModule.Submodule (16s)
✔ [2655/2712] Built Mathlib.RingTheory.Polynomial.Content (8.1s)
✔ [2656/2714] Built Mathlib.Algebra.GroupWithZero.Range (8.2s)
✔ [2657/2714] Built Mathlib.Algebra.Polynomial.Splits (11s)
✔ [2658/2714] Built Mathlib.RingTheory.IntegralClosure.Algebra.Basic (10s)
✔ [2659/2714] Built Mathlib.GroupTheory.PGroup (7.2s)
✔ [2660/2714] Built Mathlib.RingTheory.Localization.BaseChange (23s)
✔ [2661/2716] Built Mathlib.RingTheory.Spectrum.Prime.Basic (7.9s)
✔ [2662/2716] Built Mathlib.GroupTheory.Rank (4.0s)
✔ [2663/2717] Built Mathlib.RingTheory.Localization.Ideal (8.3s)
✔ [2664/2717] Built Mathlib.RingTheory.Polynomial.UniqueFactorization (6.6s)
✔ [2665/2719] Built Mathlib.RingTheory.AdicCompletion.Basic (24s)
✔ [2666/2719] Built Mathlib.Algebra.Order.GroupWithZero.Range (4.4s)
✔ [2667/2719] Built Mathlib.RingTheory.SimpleModule.Basic (13s)
✔ [2668/2719] Built Mathlib.RingTheory.Coprime.Ideal (6.2s)
✔ [2669/2719] Built Mathlib.RingTheory.Polynomial.ScaleRoots (6.3s)
✔ [2670/2719] Built Mathlib.RingTheory.KrullDimension.Basic (4.9s)
✔ [2671/2719] Built Mathlib.LinearAlgebra.Matrix.SpecialLinearGroup (19s)
✔ [2672/2721] Built Mathlib.GroupTheory.Torsion (7.9s)
✔ [2673/2721] Built Mathlib.RingTheory.Localization.Algebra (7.6s)
✔ [2674/2723] Built Mathlib.RingTheory.Finiteness.Nakayama (5.5s)
✔ [2675/2723] Built Mathlib.LinearAlgebra.Dimension.Localization (10s)
✔ [2676/2723] Built Mathlib.GroupTheory.Sylow (11s)
✔ [2677/2723] Built Mathlib.RingTheory.ReesAlgebra (5.9s)
✔ [2678/2725] Built Mathlib.RingTheory.Jacobson.Semiprimary (4.8s)
✔ [2679/2725] Built Mathlib.RingTheory.Algebraic.Basic (9.9s)
✔ [2680/2726] Built Mathlib.RingTheory.Polynomial.IntegralNormalization (5.6s)
✔ [2681/2726] Built Mathlib.RingTheory.LocalRing.ResidueField.Defs (4.8s)
✔ [2682/2727] Built Mathlib.Algebra.Module.ZMod (5.6s)
✔ [2683/2727] Built Mathlib.Algebra.Polynomial.Module.AEval (16s)
✔ [2684/2728] Built Mathlib.RingTheory.Nakayama (6.5s)
✔ [2685/2728] Built Mathlib.LinearAlgebra.Matrix.GeneralLinearGroup.Defs (9.1s)
✔ [2686/2728] Built Mathlib.RingTheory.Jacobson.Polynomial (4.0s)
✔ [2687/2729] Built Mathlib.NumberTheory.Real.Irrational (6.0s)
✔ [2688/2729] Built Mathlib.Algebra.Order.Ring.Idempotent (5.3s)
✔ [2689/2733] Built Mathlib.Order.Heyting.Hom (6.0s)
✔ [2690/2737] Built Mathlib.RingTheory.Artinian.Module (10s)
✔ [2691/2738] Built Mathlib.RingTheory.IntegralClosure.IsIntegralClosure.Basic (10s)
✔ [2692/2738] Built Mathlib.RingTheory.LocalRing.ResidueField.Basic (9.9s)
✔ [2693/2738] Built Mathlib.RingTheory.Valuation.Basic (21s)
✔ [2694/2740] Built Mathlib.LinearAlgebra.Matrix.ToLinearEquiv (8.1s)
✔ [2695/2740] Built Mathlib.RingTheory.FiniteLength (6.9s)
✔ [2696/2741] Built Mathlib.Tactic.NormNum.Irrational (11s)
✔ [2697/2741] Built Mathlib.RingTheory.Localization.AtPrime.Basic (33s)
✔ [2698/2741] Built Mathlib.Algebra.Module.Torsion.Basic (18s)
✔ [2699/2741] Built Mathlib.Algebra.Polynomial.Module.Basic (18s)
✔ [2700/2741] Built Mathlib.RingTheory.Valuation.PrimeMultiplicity (6.0s)
✔ [2701/2744] Built Mathlib.RingTheory.Valuation.Integers (10s)
✔ [2702/2744] Built Mathlib.LinearAlgebra.TensorProduct.RightExactness (16s)
✔ [2703/2744] Built Mathlib.Topology.Sets.OpenCover (4.1s)
✔ [2704/2744] Built Mathlib.Order.BooleanSubalgebra (12s)
✔ [2705/2744] Built Mathlib.Topology.Spectral.Hom (3.8s)
✔ [2706/2746] Built Mathlib.RingTheory.Algebraic.Integral (17s)
✔ [2707/2750] Built Mathlib.LinearAlgebra.TensorProduct.Quotient (21s)
✔ [2708/2750] Built Mathlib.RingTheory.Length (8.0s)
✔ [2709/2750] Built Mathlib.RingTheory.Ideal.MinimalPrime.Localization (6.9s)
✔ [2710/2750] Built Mathlib.RingTheory.SurjectiveOnStalks (9.4s)
✔ [2711/2750] Built Mathlib.RingTheory.Localization.LocalizationLocalization (8.5s)
✔ [2712/2750] Built Mathlib.Order.Ideal (7.6s)
✔ [2713/2751] Built Mathlib.Topology.LocalAtTarget (6.5s)
✔ [2714/2752] Built Mathlib.LinearAlgebra.Determinant (18s)
✔ [2715/2752] Built Mathlib.RingTheory.Valuation.ValuationRing (11s)
✔ [2716/2752] Built Mathlib.RingTheory.Filtration (11s)
✔ [2717/2752] Built Mathlib.Topology.Sober (5.9s)
✔ [2718/2752] Built Mathlib.FieldTheory.Minpoly.Field (8.0s)
✔ [2719/2752] Built Mathlib.Topology.Spectral.Prespectral (5.9s)
✔ [2720/2752] Built Mathlib.RingTheory.Norm.Defs (5.8s)
✔ [2721/2752] Built Mathlib.RingTheory.Localization.AsSubring (8.2s)
✔ [2722/2752] Built Mathlib.RingTheory.Localization.Integral (12s)
✔ [2723/2752] Built Mathlib.Topology.KrullDimension (4.6s)
✔ [2724/2757] Built Mathlib.RingTheory.LocalProperties.Submodule (8.3s)
✔ [2725/2757] Built Mathlib.RingTheory.DiscreteValuationRing.Basic (8.6s)
✔ [2726/2759] Built Mathlib.Topology.Spectral.Basic (4.4s)
✔ [2727/2760] Built Mathlib.Topology.Constructible (6.9s)
✔ [2728/2762] Built Mathlib.CategoryTheory.ConcreteCategory.Forget (5.5s)
✔ [2729/2762] Built Mathlib.CategoryTheory.Endomorphism (5.4s)
✔ [2730/2765] Built Mathlib.RingTheory.Ideal.GoingUp (10s)
✔ [2731/2765] Built Mathlib.RingTheory.PowerBasis (11s)
✔ [2732/2765] Built Mathlib.RingTheory.IntegralClosure.IntegrallyClosed (10s)
✔ [2733/2765] Built Mathlib.RingTheory.Ideal.Cotangent (17s)
✔ [2734/2765] Built Mathlib.CategoryTheory.Category.ULift (6.9s)
✔ [2735/2766] Built Mathlib.CategoryTheory.Category.Preorder (6.1s)
✔ [2736/2766] Built Mathlib.CategoryTheory.IsomorphismClasses (4.0s)
✔ [2737/2773] Built Mathlib.CategoryTheory.Thin (4.6s)
✔ [2738/2773] Built Mathlib.CategoryTheory.Balanced (4.7s)
✔ [2739/2775] Built Mathlib.FieldTheory.RatFunc.Basic (35s)
✔ [2740/2775] Built Mathlib.RingTheory.TensorProduct.Quotient (31s)
✔ [2741/2780] Built Mathlib.RingTheory.Polynomial.RationalRoot (8.1s)
✔ [2742/2780] Built Mathlib.RingTheory.Jacobson.Ring (12s)
✔ [2743/2780] Built Mathlib.Algebra.Category.MonCat.Basic (15s)
✔ [2744/2780] Built Mathlib.FieldTheory.Separable (11s)
✔ [2745/2781] Built Mathlib.CategoryTheory.Retract (7.4s)
✔ [2746/2781] Built Mathlib.Algebra.Order.Group.PiLex (3.7s)
✔ [2747/2785] Built Mathlib.CategoryTheory.Skeletal (6.5s)
✔ [2748/2787] Built Mathlib.Data.DFinsupp.NeLocus (3.2s)
✔ [2749/2790] Built Mathlib.RingTheory.DedekindDomain.Basic (5.3s)
✔ [2750/2795] Built Mathlib.Data.DFinsupp.Order (6.5s)
✔ [2751/2799] Built Mathlib.RingTheory.EssentialFiniteness (7.1s)
✔ [2752/2799] Built Mathlib.CategoryTheory.LiftingProperties.Basic (3.0s)
✔ [2753/2801] Built Mathlib.CategoryTheory.PUnit (3.7s)
✔ [2754/2801] Built Mathlib.CategoryTheory.PEmpty (3.0s)
✔ [2755/2810] Built Mathlib.CategoryTheory.EssentiallySmall (4.2s)
✔ [2756/2811] Built Mathlib.CategoryTheory.Limits.Shapes.BinaryProducts.WalkingPair (3.5s)
✔ [2757/2814] Built Mathlib.CategoryTheory.Limits.Shapes.StrongEpi (3.2s)
✔ [2758/2816] Built Mathlib.CategoryTheory.LiftingProperties.Adjunction (3.9s)
✔ [2759/2818] Built Mathlib.RingTheory.Localization.Submodule (4.8s)
✔ [2760/2819] Built Mathlib.Data.DFinsupp.Lex (5.5s)
✔ [2761/2825] Built Mathlib.Algebra.Category.Grp.Basic (10s)
✔ [2762/2825] Built Mathlib.CategoryTheory.MorphismProperty.Factorization (4.9s)
✔ [2763/2827] Built Mathlib.Algebra.Category.MonCat.ForgetCorepresentable (3.5s)
✔ [2764/2832] Built Mathlib.CategoryTheory.ConcreteCategory.ReflectsIso (3.2s)
✔ [2765/2836] Built Mathlib.CategoryTheory.Limits.Types.ColimitType (3.7s)
✔ [2766/2847] Built Mathlib.CategoryTheory.Functor.EpiMono (4.0s)
✔ [2767/2847] Built Mathlib.CategoryTheory.FinCategory.Basic (3.0s)
✔ [2768/2849] Built Mathlib.Data.Finsupp.Lex (4.9s)
✔ [2769/2849] Built Mathlib.RingTheory.LocalRing.ResidueField.Ideal (10s)
✔ [2770/2850] Built Mathlib.CategoryTheory.Limits.Cones (36s)
✔ [2771/2850] Built Mathlib.RingTheory.FreeRing (4.2s)
✔ [2772/2850] Built Mathlib.CategoryTheory.FinCategory.AsType (4.3s)
✔ [2773/2850] Built Mathlib.Algebra.Ring.TransferInstance (5.1s)
✔ [2774/2850] Built Mathlib.CategoryTheory.Category.Cat.AsSmall (3.4s)
✔ [2775/2851] Built Mathlib.Algebra.MvPolynomial.Variables (4.9s)
✔ [2776/2852] Built Mathlib.RingTheory.AdjoinRoot (30s)
✔ [2777/2852] Built Mathlib.CategoryTheory.Functor.Currying (9.2s)
✔ [2778/2858] Built Mathlib.Algebra.Category.Ring.Basic (9.7s)
✔ [2779/2858] Built Mathlib.CategoryTheory.IsConnected (4.6s)
✔ [2780/2859] Built Mathlib.CategoryTheory.ShrinkYoneda (9.9s)
✔ [2781/2863] Built Mathlib.Algebra.Ring.Shrink (3.0s)
✔ [2782/2863] Built Mathlib.CategoryTheory.ObjectProperty.CompleteLattice (3.2s)
✔ [2783/2867] Built Mathlib.CategoryTheory.ObjectProperty.Equivalence (3.4s)
✔ [2784/2867] Built Mathlib.RingTheory.Spectrum.Prime.RingHom (6.8s)
✔ [2785/2879] Built Mathlib.RingTheory.FreeCommRing (6.3s)
✔ [2786/2880] Built Mathlib.Algebra.MvPolynomial.CommRing (4.9s)
✔ [2787/2880] Built Mathlib.CategoryTheory.ObjectProperty.Opposite (4.1s)
✔ [2788/2883] Built Mathlib.Algebra.Category.Ring.Instances (5.6s)
✔ [2789/2883] Built Mathlib.FieldTheory.KummerPolynomial (6.4s)
✔ [2790/2889] Built Mathlib.CategoryTheory.HomCongr (3.8s)
✔ [2791/2889] Built Mathlib.CategoryTheory.Functor.TwoSquare (5.5s)
✔ [2792/2889] Built Mathlib.CategoryTheory.MorphismProperty.Composition (5.4s)
✔ [2793/2891] Built Mathlib.RingTheory.ChainOfDivisors (5.5s)
✔ [2794/2892] Built Mathlib.Algebra.Ring.Subsemiring.Pointwise (4.3s)
✔ [2795/2892] Built Mathlib.CategoryTheory.ObjectProperty.Small (5.3s)
✔ [2796/2892] Built Mathlib.RingTheory.Spectrum.Maximal.Localization (7.3s)
✔ [2797/2893] Built Mathlib.CategoryTheory.Monad.Basic (8.7s)
✔ [2798/2893] Built Mathlib.RingTheory.Valuation.ExtendToLocalization (6.2s)
✔ [2799/2893] Built Mathlib.CategoryTheory.Limits.IsLimit (16s)
✔ [2800/2893] Built Mathlib.Algebra.Field.TransferInstance (3.8s)
✔ [2801/2893] Built Mathlib.Algebra.Algebra.TransferInstance (4.1s)
✔ [2802/2898] Built Mathlib.Algebra.Order.Hom.Units (2.0s)
✔ [2803/2898] Built Mathlib.FieldTheory.Perfect (8.5s)
✔ [2804/2898] Built Mathlib.Algebra.Ring.Subring.Pointwise (5.1s)
✔ [2805/2898] Built Mathlib.RingTheory.FractionalIdeal.Basic (10s)
✔ [2806/2898] Built Mathlib.Algebra.CharZero.AddMonoidHom (3.7s)
✔ [2807/2899] Built Mathlib.CategoryTheory.Adjunction.Mates (14s)
✔ [2808/2901] Built Mathlib.LinearAlgebra.BilinearForm.Basic (10s)
✔ [2809/2901] Built Mathlib.Algebra.Algebra.Subalgebra.Pointwise (10s)
✔ [2810/2902] Built Mathlib.CategoryTheory.Limits.Shapes.IsTerminal (18s)
✔ [2811/2904] Built Mathlib.CategoryTheory.Monad.Algebra (19s)
✔ [2812/2904] Built Mathlib.Algebra.Algebra.Subalgebra.IsSimpleOrder (13s)
✔ [2813/2904] Built Mathlib.Algebra.Polynomial.GroupRingAction (13s)
✔ [2814/2904] Built Mathlib.Algebra.Ring.Action.Field (6.8s)
✔ [2815/2909] Built Mathlib.FieldTheory.Finite.Basic (24s)
✔ [2816/2909] Built Mathlib.LinearAlgebra.FreeModule.PID (25s)
✔ [2817/2911] Built Mathlib.RingTheory.Spectrum.Prime.Topology (28s)
✔ [2818/2911] Built Mathlib.Algebra.Ring.Action.Invariant (8.1s)
✔ [2819/2911] Built Mathlib.LinearAlgebra.BilinearForm.Hom (20s)
✔ [2820/2916] Built Mathlib.FieldTheory.Tower (9.5s)
✔ [2821/2916] Built Mathlib.RingTheory.Adjoin.Singleton (11s)
✔ [2822/2917] Built Mathlib.NumberTheory.LegendreSymbol.QuadraticChar.Basic (12s)
✔ [2823/2917] Built Mathlib.CategoryTheory.Limits.HasLimits (38s)
✔ [2824/2918] Built Mathlib.FieldTheory.Normal.Defs (18s)
✔ [2825/2918] Built Mathlib.RingTheory.FractionalIdeal.Operations (40s)
✔ [2826/2918] Built Mathlib.RingTheory.KrullDimension.Zero (10s)
✔ [2827/2918] Built Mathlib.Algebra.Group.Pointwise.Set.Card (9.0s)
✔ [2828/2918] Built Mathlib.RingTheory.Adjoin.Field (16s)
✔ [2829/2918] Built Mathlib.FieldTheory.Minpoly.Finite (8.4s)
✔ [2830/2918] Built Mathlib.RingTheory.TensorProduct.Finite (12s)
✔ [2831/2918] Built Mathlib.NumberTheory.LegendreSymbol.Basic (8.9s)
✔ [2832/2918] Built Mathlib.LinearAlgebra.BilinearForm.Properties (17s)
✔ [2833/2918] Built Mathlib.FieldTheory.IntermediateField.Algebraic (14s)
✔ [2834/2918] Built Mathlib.CategoryTheory.Limits.Shapes.Terminal (9.3s)
✔ [2835/2922] Built Mathlib.CategoryTheory.Limits.Types.Limits (7.2s)
✔ [2836/2922] Built Mathlib.FieldTheory.IntermediateField.Adjoin.Defs (35s)
✔ [2837/2922] Built Mathlib.Algebra.Category.Ring.Colimits (12s)
✔ [2838/2922] Built Mathlib.CategoryTheory.Limits.Preserves.Basic (9.4s)
✔ [2839/2922] Built Mathlib.RingTheory.FractionalIdeal.Inverse (9.6s)
✔ [2840/2922] Built Mathlib.CategoryTheory.Limits.Shapes.BinaryProducts.BinaryFan (12s)
✔ [2841/2924] Built Mathlib.RingTheory.DiscreteValuationRing.TFAE (12s)
✔ [2842/2924] Built Mathlib.GroupTheory.Perm.ViaEmbedding (5.0s)
✔ [2843/2924] Built Mathlib.FieldTheory.Fixed (16s)
✔ [2844/2924] Built Mathlib.CategoryTheory.Limits.Shapes.ZeroObjects (6.9s)
✔ [2845/2924] Built Mathlib.RingTheory.Adjoin.Dimension (9.0s)
✔ [2846/2926] Built Mathlib.CategoryTheory.Limits.Shapes.WidePullbacks (19s)
✔ [2847/2926] Built Mathlib.LinearAlgebra.BilinearForm.DualLattice (11s)
✔ [2848/2928] Built Mathlib.CategoryTheory.Limits.Preserves.Shapes.Terminal (5.5s)
✔ [2849/2928] Built Mathlib.CategoryTheory.Limits.Preserves.Limits (5.6s)
✔ [2850/2931] Built Mathlib.GroupTheory.Solvable (7.4s)
✔ [2851/2931] Built Mathlib.CategoryTheory.Limits.Creates (11s)
✔ [2852/2931] Built Mathlib.Combinatorics.Matroid.Init (4.0s)
✔ [2853/2931] Built Mathlib.FieldTheory.IntermediateField.Adjoin.Algebra (17s)
✔ [2854/2935] Built Mathlib.Data.Multiset.Fintype (10s)
✔ [2855/2935] Built Mathlib.RingTheory.AlgebraicIndependent.Defs (9.1s)
✔ [2856/2937] Built Mathlib.RingTheory.DedekindDomain.Ideal.Basic (15s)
✔ [2857/2937] Built Mathlib.CategoryTheory.Limits.Shapes.Pullback.Cospan (13s)
✔ [2858/2941] Built Mathlib.CategoryTheory.Comma.StructuredArrow.Basic (64s)
✔ [2859/2941] Built Mathlib.CategoryTheory.Limits.Shapes.Products (33s)
✔ [2860/2943] Built Mathlib.Combinatorics.Matroid.Basic (8.6s)
✔ [2861/2943] Built Mathlib.FieldTheory.SplittingField.IsSplittingField (11s)
✔ [2862/2943] Built Mathlib.CategoryTheory.Limits.FunctorCategory.Basic (21s)
✔ [2863/2944] Built Mathlib.CategoryTheory.Adjunction.Limits (15s)
✔ [2864/2944] Built Mathlib.CategoryTheory.Limits.Shapes.Pullback.PullbackCone (11s)
✔ [2865/2944] Built Mathlib.RingTheory.AlgebraicIndependent.Adjoin (14s)
✔ [2866/2951] Built Mathlib.Algebra.Category.MonCat.Limits (17s)
✔ [2867/2951] Built Mathlib.CategoryTheory.EffectiveEpi.Basic (8.4s)
✔ [2868/2955] Built Mathlib.Algebra.MvPolynomial.Supported (6.6s)
✔ [2869/2955] Built Mathlib.Data.DFinsupp.Small (4.8s)
✔ [2870/2961] Built Mathlib.RingTheory.Polynomial.SeparableDegree (8.0s)
✔ [2871/2962] Built Mathlib.Algebra.MvPolynomial.Monad (9.3s)
✔ [2872/2965] Built Mathlib.CategoryTheory.Elements (22s)
✔ [2873/2965] Built Mathlib.FieldTheory.SplittingField.Construction (15s)
✔ [2874/2965] Built Mathlib.RingTheory.Algebraic.MvPolynomial (11s)
✔ [2875/2965] Built Mathlib.RingTheory.MvPolynomial.Basic (12s)
✔ [2876/2968] Built Mathlib.Data.Nat.Factorial.SuperFactorial (9.2s)
✔ [2877/2970] Built Mathlib.Combinatorics.Matroid.IndepAxioms (21s)
✔ [2878/2971] Built Mathlib.Algebra.CharP.IntermediateField (10s)
✔ [2879/2976] Built Mathlib.LinearAlgebra.Matrix.Charpoly.Minpoly (11s)
✔ [2880/2976] Built Mathlib.RingTheory.Polynomial.Pochhammer (12s)
✔ [2881/2976] Built Mathlib.RingTheory.DedekindDomain.Ideal.Lemmas (40s)
✔ [2882/2977] Built Mathlib.LinearAlgebra.Basis.Bilinear (8.6s)
✔ [2883/2981] Built Mathlib.RingTheory.Polynomial.GaussLemma (13s)
✔ [2884/2981] Built Mathlib.RingTheory.Finiteness.Prod (9.2s)
✔ [2885/2982] Built Mathlib.Combinatorics.Matroid.Dual (11s)
✔ [2886/2982] Built Mathlib.LinearAlgebra.TensorProduct.Finiteness (10s)
✔ [2887/2983] Built Mathlib.RingTheory.AlgebraicIndependent.Basic (15s)
✔ [2888/2983] Built Mathlib.FieldTheory.IntermediateField.Adjoin.Basic (38s)
✔ [2889/2983] Built Mathlib.RingTheory.Int.Basic (9.4s)
✔ [2890/2983] Built Mathlib.RingTheory.ZMod (7.8s)
✔ [2891/2983] Built Mathlib.RingTheory.TensorProduct.Free (12s)
✔ [2892/2984] Built Mathlib.Combinatorics.Matroid.Minor.Restrict (12s)
✔ [2893/2984] Built Mathlib.LinearAlgebra.Vandermonde (17s)
✔ [2894/2984] Built Mathlib.FieldTheory.Minpoly.IsIntegrallyClosed (15s)
✔ [2895/2989] Built Mathlib.Topology.Algebra.LinearTopology (12s)
✔ [2896/2989] Built Mathlib.RingTheory.AlgebraicIndependent.Transcendental (15s)
✔ [2897/2990] Built Mathlib.Combinatorics.Matroid.Constructions (8.9s)
✔ [2898/2990] Built Mathlib.Data.ZMod.QuotientRing (11s)
✔ [2899/2990] Built Mathlib.LinearAlgebra.Contraction (26s)
✔ [2900/2990] Built Mathlib.Topology.Algebra.Nonarchimedean.Basic (10s)
✔ [2901/2996] Built Mathlib.Topology.Algebra.UniformFilterBasis (10s)
✔ [2902/2996] Built Mathlib.Topology.Algebra.WithZeroTopology (11s)
✔ [2903/2996] Built Mathlib.FieldTheory.Extension (28s)
✔ [2904/2996] Built Mathlib.Combinatorics.Matroid.Map (14s)
✔ [2905/2997] Built Mathlib.CategoryTheory.Comma.Over.Basic (84s)
✔ [2906/2997] Built Mathlib.RingTheory.Ideal.Quotient.HasFiniteQuotients.Basic (14s)
✔ [2907/2997] Built Mathlib.Topology.Algebra.Nonarchimedean.Bases (11s)
✔ [2908/2997] Built Mathlib.Topology.Algebra.Ring.Ideal (8.7s)
✔ [2909/3001] Built Mathlib.Topology.Algebra.GroupCompletion (13s)
✔ [2910/3001] Built Mathlib.RingTheory.Valuation.ValuationSubring (33s)
✔ [2911/3003] Built Mathlib.LinearAlgebra.Matrix.SesquilinearForm (52s)
✔ [2912/3003] Built Mathlib.RingTheory.Valuation.ValuativeRel.Basic (45s)
✔ [2913/3003] Built Mathlib.Algebra.Order.Group.Cyclic (10s)
✔ [2914/3003] Built Mathlib.LinearAlgebra.Trace (24s)
✔ [2915/3003] Built Mathlib.RingTheory.Ideal.Oka (9.4s)
✔ [2916/3003] Built Mathlib.FieldTheory.IsAlgClosed.Basic (23s)
✔ [2917/3003] Built Mathlib.Topology.Algebra.UniformRing (15s)
✔ [2918/3003] Built Mathlib.Algebra.Category.Ring.Adjunctions (20s)
✔ [2919/3009] Built Mathlib.CategoryTheory.Limits.Shapes.BinaryProducts.BinaryProducts (23s)
✔ [2920/3009] Built Mathlib.Combinatorics.Matroid.Closure (26s)
✔ [2921/3009] Built Mathlib.RingTheory.PrincipalIdealDomainOfPrime (8.5s)
✔ [2922/3009] Built Mathlib.RingTheory.Valuation.IsTrivialOn (11s)
✔ [2923/3009] Built Mathlib.Topology.Algebra.UniformField (5.0s)
✔ [2924/3012] Built Mathlib.CategoryTheory.Grothendieck (29s)
✔ [2925/3012] Built Mathlib.FieldTheory.Normal.Basic (34s)
✔ [2926/3012] Built Mathlib.LinearAlgebra.Matrix.BilinearForm (19s)
✔ [2927/3012] Built Mathlib.Topology.Algebra.Valued.ValuationTopology (20s)
✔ [2928/3012] Built Mathlib.CategoryTheory.Limits.Types.Products (5.1s)
✔ [2929/3012] Built Mathlib.CategoryTheory.Monad.Products (6.1s)
✔ [2930/3012] Built Mathlib.CategoryTheory.Limits.Shapes.Pullback.HasPullback (8.4s)
✔ [2931/3012] Built Mathlib.FieldTheory.PrimitiveElement (9.6s)
✔ [2932/3012] Built Mathlib.CategoryTheory.Limits.Shapes.StrictInitial (4.1s)
✔ [2933/3012] Built Mathlib.FieldTheory.IsAlgClosed.AlgebraicClosure (11s)
✔ [2934/3012] Built Mathlib.RingTheory.UniqueFactorizationDomain.Nat (4.1s)
✔ [2935/3012] Built Mathlib.Combinatorics.Matroid.Rank.Finite (4.2s)
✔ [2936/3012] Built Mathlib.Combinatorics.Matroid.Circuit (7.1s)
✔ [2937/3012] Built Mathlib.RingTheory.Trace.Defs (9.2s)
✔ [2938/3012] Built Mathlib.Topology.Algebra.ValuativeRel.ValuativeTopology (12s)
✔ [2939/3017] Built Mathlib.CategoryTheory.Limits.Shapes.Pullback.Iso (7.0s)
✔ [2940/3017] Built Mathlib.RingTheory.Valuation.Discrete.Basic (14s)
✔ [2941/3017] Built Mathlib.CategoryTheory.Limits.Shapes.Grothendieck (11s)
✔ [2942/3017] Built Mathlib.RingTheory.RootsOfUnity.PrimitiveRoots (11s)
✔ [2943/3019] Built Mathlib.CategoryTheory.Limits.Shapes.Pullback.Pasting (12s)
✔ [2944/3019] Built Mathlib.Data.Nat.Squarefree (8.0s)
✔ [2945/3023] Built Mathlib.FieldTheory.Normal.Closure (17s)
✔ [2946/3024] Built Mathlib.FieldTheory.Minpoly.MinpolyDiv (9.3s)
✔ [2947/3024] Built Mathlib.CategoryTheory.Limits.Shapes.Pullback.Mono (8.3s)
✔ [2948/3024] Built Mathlib.RingTheory.Polynomial.Eisenstein.Criterion (7.6s)
✔ [2949/3026] Built Mathlib.CategoryTheory.Limits.Shapes.Equalizers (18s)
✔ [2950/3026] Built Mathlib.Combinatorics.Matroid.Loop (8.6s)
✔ [2951/3026] Built Mathlib.RingTheory.RootsOfUnity.Complex (8.6s)
✔ [2952/3026] Built Mathlib.Topology.Algebra.Group.ClosedSubgroup (4.6s)
✔ [2953/3026] Built Mathlib.RingTheory.Polynomial.Eisenstein.Basic (5.7s)
✔ [2954/3026] Built Mathlib.Combinatorics.Matroid.Rank.ENat (6.3s)
✔ [2955/3026] Built Mathlib.FieldTheory.AlgebraicClosure (7.2s)
✔ [2956/3026] Built Mathlib.CategoryTheory.Comma.Over.Pullback (13s)
✔ [2957/3028] Built Mathlib.NumberTheory.ArithmeticFunction.Defs (9.8s)
✔ [2958/3030] Built Mathlib.Topology.Algebra.Valued.ValuedField (30s)
✔ [2959/3030] Built Mathlib.RingTheory.Adjoin.PowerBasis (8.9s)
✔ [2960/3031] Built Mathlib.RingTheory.Norm.Basic (7.6s)
✔ [2961/3031] Built Mathlib.CategoryTheory.Limits.Connected (5.2s)
✔ [2962/3034] Built Mathlib.CategoryTheory.Limits.Shapes.Pullback.Assoc (11s)
✔ [2963/3035] Built Mathlib.CategoryTheory.Limits.Shapes.FiniteLimits (4.4s)
✔ [2964/3035] Built Mathlib.Combinatorics.Matroid.Rank.Cardinal (5.4s)
✔ [2965/3040] Built Mathlib.Algebra.GCDMonoid.IntegrallyClosed (6.4s)
✔ [2966/3040] Built Mathlib.NumberTheory.ArithmeticFunction.Zeta (6.5s)
✔ [2967/3040] Built Mathlib.Topology.Maps.Proper.CompactlyGenerated (7.1s)
✔ [2968/3040] Built Mathlib.RingTheory.MvPolynomial.Symmetric.Defs (7.8s)
✔ [2969/3043] Built Mathlib.NumberTheory.Padics.PadicVal.Basic (7.2s)
✔ [2970/3043] Built Mathlib.Analysis.Normed.Module.Ray (7.6s)
✔ [2971/3043] Built Mathlib.Algebra.BigOperators.Field (5.7s)
✔ [2972/3045] Built Mathlib.RingTheory.AlgebraicIndependent.AlgebraicClosure (10s)
✔ [2973/3047] Built Mathlib.CategoryTheory.Limits.Shapes.Images (13s)
✔ [2974/3048] Built Mathlib.CategoryTheory.Limits.Opposites (10s)
✔ [2975/3048] Built Mathlib.CategoryTheory.Filtered.Basic (10s)
✔ [2976/3054] Built Mathlib.NumberTheory.ArithmeticFunction.Misc (8.0s)
✔ [2977/3054] Built Mathlib.RingTheory.Polynomial.Vieta (8.6s)
✔ [2978/3054] Built Mathlib.Algebra.Algebra.ZMod (7.2s)
✔ [2979/3055] Built Mathlib.RingTheory.RootsOfUnity.Minpoly (9.6s)
✔ [2980/3055] Built Mathlib.CategoryTheory.Limits.Types.Images (6.1s)
✔ [2981/3055] Built Mathlib.Analysis.Convex.StrictConvexSpace (9.9s)
✔ [2982/3055] Built Mathlib.Data.ZMod.Units (7.9s)
✔ [2983/3055] Built Mathlib.CategoryTheory.Filtered.Connected (5.6s)
✔ [2984/3058] Built Mathlib.CategoryTheory.Limits.Shapes.ZeroMorphisms (13s)
✔ [2985/3059] Built Mathlib.Algebra.CharP.CharAndCard (7.6s)
✔ [2986/3060] Built Mathlib.Analysis.InnerProductSpace.Defs (17s)
✔ [2987/3061] Built Mathlib.RingTheory.AlgebraicIndependent.TranscendenceBasis (18s)
✔ [2988/3061] Built Mathlib.NumberTheory.ArithmeticFunction.Moebius (8.1s)
✔ [2989/3062] Built Mathlib.Tactic.NormNum.ModEq (5.1s)
✔ [2990/3062] Built Mathlib.NumberTheory.MulChar.Lemmas (9.3s)
✔ [2991/3062] Built Mathlib.Data.Nat.DvdSequence (4.2s)
✔ [2992/3064] Built Mathlib.Topology.Algebra.Polynomial (8.0s)
✔ [2993/3064] Built Mathlib.Tactic.NormNum.NatLog (5.2s)
✔ [2994/3065] Built Mathlib.CategoryTheory.Limits.Preserves.Shapes.Zero (5.9s)
✔ [2995/3065] Built Mathlib.Tactic.NormNum.NatSqrt (5.1s)
✔ [2996/3066] Built Mathlib.CategoryTheory.Limits.Shapes.Opposites.Pullbacks (13s)
✔ [2997/3067] Built Mathlib.Analysis.Convex.Uniform (8.0s)
✔ [2998/3067] Built Mathlib.Tactic.NormNum.Parity (3.9s)
✔ [2999/3068] Built Mathlib.Tactic.NormNum.Ordinal (6.4s)
✔ [3000/3069] Built Mathlib.Tactic.NormNum.PowMod (4.3s)
✔ [3001/3069] Built Mathlib.Data.Nat.Fib.Basic (5.4s)
✔ [3002/3070] Built Mathlib.Tactic.NormNum.Prime (5.4s)
✔ [3003/3070] Built Mathlib.Tactic.Polyrith (2.1s)
✔ [3004/3071] Built Mathlib.Tactic.PNatToNat (4.9s)
✔ [3005/3071] Built Mathlib.Tactic.NormNum.RealSqrt (8.8s)
✔ [3006/3074] Built Mathlib.Tactic.NormRank (8.4s)
✔ [3007/3075] Built Mathlib.CategoryTheory.Limits.Shapes.Pullback.IsPullback.Defs (7.5s)
✔ [3008/3076] Built Mathlib.Tactic.Polynomial.Basic (6.7s)
✔ [3009/3076] Built Mathlib.Tactic.ReduceModChar.Ext (2.6s)
✔ [3010/3076] Built Mathlib.Tactic.ProdAssoc (3.7s)
✔ [3011/3079] Built Mathlib.Tactic.Recall (3.5s)
✔ [3012/3080] Built Mathlib.Tactic.Relation.Symm (2.3s)
✔ [3013/3081] Built Mathlib.Tactic.Replace (2.3s)
✔ [3014/3082] Built Mathlib.Tactic.NormNum.NatFib (6.5s)
✔ [3015/3083] Built Mathlib.CategoryTheory.Limits.Shapes.Opposites.Equalizers (11s)
✔ [3016/3083] Built Mathlib.Analysis.InnerProductSpace.Basic (20s)
✔ [3017/3084] Built Mathlib.Tactic.Sat.FromLRAT (3.6s)
✔ [3018/3085] Built Mathlib.Tactic.Ring.NamePolyVars (4.7s)
✔ [3019/3085] Built Mathlib.Tactic.Simproc.Divisors (4.4s)
✔ [3020/3085] Built Mathlib.Tactic.Simproc.Factors (5.4s)
✔ [3021/3088] Built Mathlib.Tactic.StacksAttribute (2.3s)
✔ [3022/3089] Built Mathlib.Tactic.ReduceModChar (8.1s)
✔ [3023/3089] Built Mathlib.Tactic.TypeCheck (2.2s)
✔ [3024/3092] Built Mathlib.Tactic.Simproc.VecPerm (5.3s)
✔ [3025/3094] Built ProofWidgets.Component.PenroseDiagram (2.2s)
✔ [3026/3096] Built Mathlib.Tactic.Simproc.FinsetInterval (8.4s)
✔ [3027/3096] Built Mathlib.CategoryTheory.Limits.Shapes.Kernels (22s)
✔ [3028/3099] Built ProofWidgets.Presentation.Expr (2.6s)
✔ [3029/3099] Built ProofWidgets.Component.HtmlDisplay (1.0s)
✔ [3030/3099] Built Mathlib.Tactic.Widget.GCongr (2.4s)
✔ [3031/3102] Built Mathlib.Analysis.InnerProductSpace.Convex (7.1s)
✔ [3032/3102] Built Mathlib.Tactic.WithoutCDot (2.4s)
✔ [3033/3104] Built Mathlib.CategoryTheory.Limits.Shapes.RegularMono (10s)
✔ [3034/3104] Built Mathlib.Logic.Equiv.Embedding (3.7s)
✔ [3035/3110] Built Mathlib.CategoryTheory.ConcreteCategory.Elementwise (4.9s)
✔ [3036/3110] Built Mathlib.Tactic.Widget.CommDiag (4.5s)
✔ [3037/3113] Built Mathlib.FieldTheory.SeparableDegree (32s)
✔ [3038/3113] Built Mathlib.RingTheory.MvPowerSeries.Basic (16s)
✔ [3039/3114] Built Mathlib.Data.Fintype.Sort (4.3s)
✔ [3040/3115] Built Mathlib.Data.Fintype.CardEmbedding (4.2s)
✔ [3041/3119] Built Mathlib.Analysis.Complex.Arg (6.8s)
✔ [3042/3119] Built Mathlib.CategoryTheory.Preadditive.Basic (9.2s)
✔ [3043/3120] Built Mathlib.CategoryTheory.Limits.Types.Colimits (5.2s)
✔ [3044/3120] Built Mathlib.Tactic.Ring.NamePowerVars (4.9s)
✔ [3045/3121] Built Mathlib.Analysis.Normed.Operator.NNNorm (11s)
✔ [3046/3124] Built Mathlib.Analysis.Normed.Module.Span (6.9s)
✔ [3047/3125] Built Mathlib.CategoryTheory.Limits.Preserves.Ulift (3.4s)
✔ [3048/3125] Built Mathlib.Algebra.Category.Grp.Preadditive (4.8s)
✔ [3049/3127] Built Mathlib.Analysis.Normed.Ring.Units (6.7s)
✔ [3050/3130] Built Mathlib.Topology.Algebra.Module.Multilinear.Basic (15s)
✔ [3051/3134] Built Mathlib.CategoryTheory.Limits.Types.Filtered (5.3s)
✔ [3052/3134] Built Mathlib.Tactic.Widget.StringDiagram (15s)
✔ [3053/3146] Built Mathlib.LinearAlgebra.Multilinear.Curry (9.8s)
✔ [3054/3148] Built Mathlib.CategoryTheory.Limits.Yoneda (6.3s)
✔ [3055/3148] Built Mathlib.Algebra.Category.Grp.ForgetCorepresentable (5.1s)
✔ [3056/3148] Built Mathlib.Analysis.Normed.Operator.Asymptotics (7.2s)
✔ [3057/3148] Built Mathlib.Analysis.Calculus.TangentCone.Defs (5.5s)
✔ [3058/3153] Built Mathlib.Analysis.Convex.EGauge (8.5s)
✔ [3059/3153] Built Mathlib.Topology.Algebra.Module.ContinuousLinearMap.Invertible (6.4s)
✔ [3060/3153] Built Mathlib.Topology.Algebra.Module.Multilinear.Bounded (8.2s)
✔ [3061/3154] Built Mathlib.CategoryTheory.Limits.ConcreteCategory.Basic (4.5s)
✔ [3062/3154] Built Mathlib.FieldTheory.SeparableClosure (17s)
✔ [3063/3156] Built Mathlib.Topology.MetricSpace.Completion (5.0s)
✔ [3064/3156] Built Mathlib.Analysis.Calculus.TangentCone.Basic (6.5s)
✔ [3065/3158] Built Mathlib.Topology.Algebra.Module.ContinuousLinearMap.Extend (5.6s)
✔ [3066/3158] Built Mathlib.CategoryTheory.Limits.Preserves.Shapes.Pullbacks (7.0s)
✔ [3067/3158] Built Mathlib.Analysis.Normed.Group.Completion (5.4s)
✔ [3068/3159] Built Mathlib.Analysis.Calculus.TangentCone.DimOne (5.8s)
✔ [3069/3166] Built Mathlib.Analysis.Calculus.TangentCone.Real (6.2s)
✔ [3070/3166] Built Mathlib.Topology.Algebra.Module.Alternating.Basic (16s)
✔ [3071/3169] Built Mathlib.CategoryTheory.Limits.Final (18s)
✔ [3072/3169] Built Mathlib.Topology.Perfect (4.6s)
✔ [3073/3169] Built Mathlib.CategoryTheory.Limits.Constructions.BinaryProducts (5.8s)
✔ [3074/3169] Built Mathlib.LinearAlgebra.AffineSpace.Slope (6.2s)
✔ [3075/3169] Built Mathlib.Algebra.Category.Grp.Limits (16s)
✔ [3076/3175] Built Mathlib.Topology.Algebra.LinearMapCompletion (9.0s)
✔ [3077/3179] Built Mathlib.Topology.LocallyConstant.Basic (5.9s)
✔ [3078/3188] Built Mathlib.Topology.Algebra.Module.PerfectSpace (5.8s)
✔ [3079/3195] Built Mathlib.Analysis.Normed.Group.AddTorsor (6.8s)
✔ [3080/3199] Built Mathlib.Topology.Algebra.Module.Multilinear.Topology (22s)
✔ [3081/3199] Built Mathlib.CategoryTheory.Limits.Shapes.Pullback.IsPullback.Basic (7.2s)
✔ [3082/3199] Built Mathlib.Analysis.Normed.Operator.Bilinear (36s)
✔ [3083/3201] Built Mathlib.Analysis.Asymptotics.TVS (24s)
✔ [3084/3201] Built Mathlib.Topology.ExtendFrom (3.5s)
✔ [3085/3201] Built Mathlib.Topology.OpenPartialHomeomorph.IsImage (4.4s)
✔ [3086/3201] Built Mathlib.FieldTheory.Galois.Basic (22s)
✔ [3087/3201] Built Mathlib.Topology.MetricSpace.CauSeqFilter (4.7s)
✔ [3088/3201] Built Mathlib.Analysis.SpecialFunctions.Artanh (6.4s)
✔ [3089/3202] Built Mathlib.Analysis.Convex.Extreme (5.6s)
✔ [3090/3202] Built Mathlib.CategoryTheory.Limits.Shapes.KernelPair (4.3s)
✔ [3091/3202] Built Mathlib.Analysis.Calculus.FDeriv.Defs (7.6s)
✔ [3092/3202] Built Mathlib.Topology.Order.ExtendFrom (4.8s)
✔ [3093/3202] Built Mathlib.Topology.Algebra.ContinuousAffineMap (20s)
✔ [3094/3202] Built Mathlib.LinearAlgebra.AffineSpace.Simplex.Centroid (13s)
✔ [3095/3202] Built Mathlib.Analysis.Normed.Operator.NormedSpace (15s)
✔ [3096/3202] Built Mathlib.RingTheory.Norm.Transitivity (11s)
✔ [3097/3202] Built Mathlib.FieldTheory.KrullTopology (8.5s)
✔ [3098/3202] Built Mathlib.FieldTheory.IsSepClosed (8.1s)
✔ [3099/3202] Built Mathlib.FieldTheory.Galois.GaloisClosure (13s)
✔ [3100/3202] Built Mathlib.Topology.Algebra.Module.Alternating.Topology (19s)
✔ [3101/3202] Built Mathlib.Topology.Order.Rolle (3.3s)
✔ [3102/3202] Built Mathlib.Algebra.Category.Ring.Limits (28s)
✔ [3103/3202] Built Mathlib.Analysis.Normed.Module.Completion (5.0s)
✔ [3104/3204] Built Mathlib.GroupTheory.Complement (10s)
✔ [3105/3204] Built Mathlib.LinearAlgebra.AffineSpace.FiniteDimensional (8.8s)
✔ [3106/3206] Built Mathlib.FieldTheory.Finite.GaloisField (7.1s)
✔ [3107/3210] Built Mathlib.Data.Finset.Update (3.9s)
✔ [3108/3215] Built Mathlib.Data.Prod.TProd (3.5s)
✔ [3109/3227] Built Mathlib.CategoryTheory.Limits.Shapes.Diagonal (14s)
✔ [3110/3227] Built Mathlib.GroupTheory.GroupAction.IterateAct (2.9s)
✔ [3111/3229] Built Mathlib.MeasureTheory.MeasurableSpace.Defs (5.2s)
✔ [3112/3229] Built Mathlib.FieldTheory.PurelyInseparable.Basic (14s)
✔ [3113/3229] Built Mathlib.Order.SetDissipate (4.3s)
✔ [3114/3232] Built Mathlib.FieldTheory.Galois.Infinite (13s)
✔ [3115/3232] Built Mathlib.MeasureTheory.OuterMeasure.Defs (5.3s)
✔ [3116/3232] Built Mathlib.MeasureTheory.MeasurableSpace.EventuallyMeasurable (3.5s)
✔ [3117/3233] Built Mathlib.Analysis.Normed.Operator.Mul (16s)
✔ [3118/3233] Built Mathlib.Analysis.Calculus.FDeriv.Basic (20s)
✔ [3119/3233] Built Mathlib.MeasureTheory.MeasurableSpace.Instances (3.5s)
✔ [3120/3233] Built Mathlib.MeasureTheory.MeasurableSpace.Basic (4.4s)
✔ [3121/3233] Built Mathlib.CategoryTheory.MorphismProperty.Limits (9.7s)
✔ [3122/3235] Built Mathlib.MeasureTheory.OuterMeasure.Basic (5.6s)
✔ [3123/3235] Built Mathlib.MeasureTheory.PiSystem (5.9s)
✔ [3124/3235] Built Mathlib.Algebra.Category.Ring.Constructions (17s)
✔ [3125/3235] Built Mathlib.FieldTheory.Galois.Abelian (7.6s)
✔ [3126/3241] Built Mathlib.Analysis.Calculus.FDeriv.Affine (6.6s)
✔ [3127/3246] Built Mathlib.Analysis.Normed.Module.Multilinear.Basic (45s)
✔ [3128/3246] Built Mathlib.RingTheory.Trace.Basic (13s)
✔ [3129/3247] Built Mathlib.Analysis.Calculus.FDeriv.OfCompLeft (10s)
✔ [3130/3247] Built Mathlib.MeasureTheory.MeasurableSpace.Constructions (7.9s)
✔ [3131/3247] Built Mathlib.MeasureTheory.OuterMeasure.AE (8.2s)
✔ [3132/3247] Built Mathlib.Analysis.Calculus.FDeriv.RestrictScalars (10s)
✔ [3133/3247] Built Mathlib.Data.Set.MemPartition (5.2s)
✔ [3134/3247] Built Mathlib.MeasureTheory.OuterMeasure.Operations (8.2s)
✔ [3135/3247] Built Mathlib.Analysis.Calculus.FDeriv.Congr (10s)
✔ [3136/3247] Built Mathlib.RingTheory.RingHomProperties (9.0s)
✔ [3137/3247] Built Mathlib.Analysis.Calculus.FDeriv.Comp (12s)
✔ [3138/3248] Built Mathlib.Order.Filter.CountableSeparatingOn (3.8s)
✔ [3139/3248] Built Mathlib.FieldTheory.Finite.Trace (6.2s)
✔ [3140/3248] Built Mathlib.Dynamics.Minimal (5.0s)
✔ [3141/3253] Built Mathlib.MeasureTheory.MeasurableSpace.MeasurablyGenerated (5.2s)
✔ [3142/3256] Built Mathlib.RingTheory.DedekindDomain.IntegralClosure (7.5s)
✔ [3143/3262] Built Mathlib.MeasureTheory.OuterMeasure.BorelCantelli (5.8s)
✔ [3144/3263] Built Mathlib.MeasureTheory.OuterMeasure.OfFunction (7.0s)
✔ [3145/3264] Built Mathlib.Topology.Separation.GDelta (4.4s)
✔ [3146/3268] Built Mathlib.Order.Interval.Set.Monotone (4.6s)
✔ [3147/3270] Built Mathlib.MeasureTheory.MeasurableSpace.Embedding (12s)
✔ [3148/3270] Built Mathlib.Topology.GDelta.MetrizableSpace (4.9s)
✔ [3149/3270] Built Mathlib.Analysis.Normed.Operator.BoundedLinearMaps (17s)
✔ [3150/3270] Built Mathlib.RingTheory.LocalProperties.Basic (10s)
✔ [3151/3270] Built Mathlib.Analysis.Calculus.FDeriv.Const (10s)
✔ [3152/3270] Built Mathlib.MeasureTheory.OuterMeasure.Caratheodory (7.1s)
✔ [3153/3273] Built Mathlib.Algebra.Order.Monoid.Canonical.Basic (5.1s)
✔ [3154/3275] Built Mathlib.NumberTheory.NumberField.Basic (12s)
✔ [3155/3275] Built Mathlib.Topology.IndicatorConstPointwise (3.7s)
✔ [3156/3275] Built Mathlib.Topology.Metrizable.Real (4.8s)
✔ [3157/3277] Built Mathlib.MeasureTheory.MeasurableSpace.Prod (3.0s)
✔ [3158/3277] Built Mathlib.MeasureTheory.MeasurableSpace.CountablyGenerated (4.8s)
✔ [3159/3277] Built Mathlib.RingTheory.LocalProperties.IntegrallyClosed (5.6s)
✔ [3160/3277] Built Mathlib.Analysis.Calculus.FDeriv.Linear (6.5s)
✔ [3161/3277] Built Mathlib.Topology.Instances.Real.Lemmas (5.0s)
✔ [3162/3277] Built Mathlib.Topology.MetricSpace.CantorScheme (5.7s)
✔ [3163/3290] Built Mathlib.Analysis.Normed.Module.Alternating.Basic (28s)
✔ [3164/3292] Built Mathlib.Topology.MetricSpace.Gluing (6.7s)
✔ [3165/3296] Built Mathlib.MeasureTheory.OuterMeasure.Induced (7.8s)
✔ [3166/3296] Built Mathlib.Topology.Separation.CountableSeparatingOn (5.2s)
✔ [3167/3296] Built Mathlib.RingTheory.DedekindDomain.Dvr (8.1s)
✔ [3168/3300] Built Mathlib.SetTheory.Cardinal.ENNReal (5.4s)
✔ [3169/3304] Built Mathlib.Topology.ContinuousMap.CocompactMap (4.0s)
✔ [3170/3304] Built Mathlib.Topology.Metrizable.CompletelyMetrizable (7.2s)
✔ [3171/3305] Built Mathlib.Analysis.Normed.Module.Multilinear.Curry (36s)
✔ [3172/3305] Built Mathlib.MeasureTheory.MeasurableSpace.Pi (5.3s)
✔ [3173/3305] Built Mathlib.Analysis.Calculus.Deriv.Basic (19s)
✔ [3174/3305] Built Mathlib.MeasureTheory.Measure.MeasureSpaceDef (10s)
✔ [3175/3305] Built Mathlib.Topology.Algebra.Group.Compact (6.6s)
✔ [3176/3305] Built Mathlib.Topology.Order.LeftRightLim (7.0s)
✔ [3177/3305] Built Mathlib.Topology.MetricSpace.Polish (8.0s)
✔ [3178/3305] Built Mathlib.Topology.Algebra.Valued.WithVal (22s)
✔ [3179/3309] Built Mathlib.Analysis.Calculus.Deriv.Support (7.5s)
✔ [3180/3309] Built Mathlib.Analysis.Calculus.Deriv.Linear (8.4s)
✔ [3181/3309] Built Mathlib.MeasureTheory.Measure.Doubling (8.1s)
✔ [3182/3311] Built Mathlib.Analysis.InnerProductSpace.Projection.Minimal (13s)
✔ [3183/3315] Built Mathlib.MeasureTheory.Function.AEMeasurableSequence (6.9s)
✔ [3184/3315] Built Mathlib.MeasureTheory.Measure.AEDisjoint (7.2s)
✔ [3185/3315] Built Mathlib.Topology.MetricSpace.Perfect (6.9s)
✔ [3186/3316] Built Mathlib.Analysis.InnerProductSpace.Continuous (7.0s)
✔ [3187/3316] Built Mathlib.Topology.Baire.CompleteMetrizable (7.8s)
✔ [3188/3316] Built Mathlib.Analysis.Calculus.Deriv.Comp (20s)
✔ [3189/3316] Built Mathlib.Analysis.Calculus.FormalMultilinearSeries (24s)
✔ [3190/3319] Built Mathlib.LinearAlgebra.SesquilinearForm.Orthogonal (9.0s)
✔ [3191/3321] Built Mathlib.MeasureTheory.Measure.NullMeasurable (7.9s)
✔ [3192/3321] Built Mathlib.Analysis.Calculus.FDeriv.Add (36s)
✔ [3193/3322] Built Mathlib.Analysis.Normed.Group.Lemmas (5.1s)
✔ [3194/3323] Built Mathlib.Topology.Algebra.Module.ContinuousLinearMap.Idempotent (12s)
✔ [3195/3323] Built Mathlib.Analysis.Calculus.FDeriv.Prod (39s)
✔ [3196/3324] Built Mathlib.MeasureTheory.Measure.Basic (5.6s)
✔ [3197/3324] Built Mathlib.Analysis.Normed.Module.RCLike.Basic (6.2s)
✔ [3198/3325] Built Mathlib.Topology.Algebra.ContinuousAffineEquiv (9.3s)
✔ [3199/3325] Built Mathlib.RingTheory.Finiteness.Cofinite (4.0s)
✔ [3200/3325] Built Mathlib.Analysis.Calculus.Deriv.Add (9.3s)
✔ [3201/3325] Built Mathlib.Topology.Algebra.Module.Determinant (5.9s)
✔ [3202/3325] Built Mathlib.Analysis.InnerProductSpace.LinearMap (17s)
✔ [3203/3325] Built Mathlib.RingTheory.DedekindDomain.AdicValuation (26s)
✔ [3204/3327] Built Mathlib.MeasureTheory.Measure.Continuity (5.5s)
✔ [3205/3327] Built Mathlib.MeasureTheory.Measure.OuterMeasure (5.0s)
✔ [3206/3327] Built Mathlib.Analysis.Analytic.ConvergenceRadius (17s)
✔ [3207/3328] Built Mathlib.Analysis.Calculus.FDeriv.Bilinear (9.6s)
✔ [3208/3328] Built Mathlib.Topology.Algebra.AffineSubspace (5.6s)
✔ [3209/3328] Built Mathlib.Topology.Algebra.Module.Simple (4.4s)
✔ [3210/3328] Built Mathlib.Analysis.Normed.Module.RieszLemma (6.7s)
✔ [3211/3328] Built Mathlib.Analysis.Normed.Operator.Banach (19s)
✔ [3212/3328] Built Mathlib.Analysis.Calculus.FDeriv.Equiv (17s)
✔ [3213/3328] Built Mathlib.Topology.Algebra.Module.ModuleTopology (8.7s)
✔ [3214/3328] Built Mathlib.Analysis.Calculus.LocalExtr.Basic (6.3s)
✔ [3215/3328] Built Mathlib.Analysis.Calculus.Deriv.Slope (6.3s)
✔ [3216/3331] Built Mathlib.Topology.Algebra.Module.ContinuousLinearMap.Quotient (4.0s)
✔ [3217/3335] Built Mathlib.MeasureTheory.Measure.Interval (4.4s)
✔ [3218/3335] Built Mathlib.Analysis.Calculus.Deriv.AffineMap (6.0s)
✔ [3219/3335] Built Mathlib.MeasureTheory.Measure.Module (5.9s)
✔ [3220/3335] Built Mathlib.Topology.Algebra.SeparationQuotient.FiniteDimensional (4.1s)
✔ [3221/3336] Built Mathlib.FieldTheory.RatFunc.AsPolynomial (9.3s)
✔ [3222/3336] Built Mathlib.Analysis.InnerProductSpace.Orthonormal (10s)
✔ [3223/3337] Built Mathlib.Analysis.Analytic.OfScalars (8.8s)
✔ [3224/3337] Built Mathlib.Topology.Homeomorph.Quotient (4.4s)
✔ [3225/3339] Built Mathlib.Analysis.Calculus.LocalExtr.Rolle (6.1s)
✔ [3226/3339] Built Mathlib.Analysis.Calculus.Deriv.Inverse (7.4s)
✔ [3227/3339] Built Mathlib.MeasureTheory.Measure.Dirac.Def (5.2s)
✔ [3228/3341] Built Mathlib.Topology.Maps.Strict.Basic (3.9s)
✔ [3229/3344] Built Mathlib.Topology.Instances.Matrix (7.5s)
✔ [3230/3347] Built Mathlib.MeasureTheory.Measure.CompleteLattice (6.6s)
✔ [3231/3347] Built Mathlib.Topology.Algebra.Module.Complement (10s)
✔ [3232/3348] Built Mathlib.RingTheory.Polynomial.Cyclotomic.Basic (9.7s)
✔ [3233/3348] Built Mathlib.Analysis.InnerProductSpace.Subspace (11s)
✔ [3234/3348] Built Mathlib.Basic.ENNReal.Holder (5.0s)
✔ [3235/3348] Built Mathlib.Analysis.Convex.Slope (9.0s)
✔ [3236/3350] Built Mathlib.MeasureTheory.Measure.Filter (8.2s)
✔ [3237/3350] Built Mathlib.Algebra.DirectSum.Decomposition (10s)
✔ [3238/3350] Built Mathlib.MeasureTheory.Measure.Map (9.8s)
✔ [3239/3355] Built Mathlib.MeasureTheory.Measure.Sum (8.5s)
✔ [3240/3355] Built Mathlib.Analysis.Normed.Affine.Isometry (27s)
✔ [3241/3355] Built Mathlib.Analysis.Normed.Lp.WithLp (10s)
✔ [3242/3355] Built Mathlib.Basic.Real.ConjExponents (9.7s)
✔ [3243/3355] Built Mathlib.Analysis.Convex.SpecificFunctions.Basic (10s)
✔ [3244/3356] Built Mathlib.Data.Matrix.Reflection (8.9s)
✔ [3245/3360] Built Mathlib.MeasureTheory.Measure.Comap (9.0s)
✔ [3246/3361] Built Mathlib.RingTheory.Polynomial.Cyclotomic.Roots (15s)
✔ [3247/3361] Built Mathlib.Util.Superscript (6.0s)
✔ [3248/3361] Built Mathlib.MeasureTheory.Measure.AbsolutelyContinuous (9.5s)
✔ [3249/3362] Built Mathlib.Algebra.Central.Defs (5.8s)
✔ [3250/3362] Built Mathlib.Analysis.InnerProductSpace.Orthogonal (26s)
✔ [3251/3362] Built Mathlib.LinearAlgebra.UnitaryGroup (14s)
✔ [3252/3365] Built Mathlib.RingTheory.Polynomial.Cyclotomic.Expand (11s)
✔ [3253/3365] Built Mathlib.Analysis.Calculus.FDeriv.CompCLM (49s)
✔ [3254/3366] Built Mathlib.Analysis.MeanInequalities (16s)
✔ [3255/3366] Built Mathlib.Analysis.Analytic.Basic (52s)
✔ [3256/3370] Built Mathlib.MeasureTheory.Covering.VitaliFamily (9.5s)
✔ [3257/3370] Built Mathlib.RingTheory.Polynomial.Cyclotomic.Eval (13s)
✔ [3258/3370] Built Mathlib.Topology.Algebra.Module.FiniteDimension (35s)
✔ [3259/3370] Built Mathlib.Algebra.Central.Basic (5.2s)
✔ [3260/3371] Built Mathlib.Algebra.Group.Submonoid.Support (5.3s)
✔ [3261/3371] Built Mathlib.MeasureTheory.Measure.QuasiMeasurePreserving (7.2s)
✔ [3262/3371] Built Mathlib.Analysis.InnerProductSpace.Symmetric (11s)
✔ [3263/3371] Built Mathlib.Geometry.Convex.Cone.Basic (14s)
✔ [3264/3371] Built Mathlib.NumberTheory.Cyclotomic.Basic (26s)
✔ [3265/3386] Built Mathlib.Analysis.Convex.Gauge (13s)
✔ [3266/3386] Built Mathlib.Combinatorics.Enumerative.InclusionExclusion (10.0s)
✔ [3267/3387] Built Mathlib.Analysis.RCLike.Extend (15s)
✔ [3268/3395] Built Mathlib.Analysis.Analytic.ChangeOrigin (21s)
✔ [3269/3395] Built Mathlib.Order.Filter.ENNReal (10s)
✔ [3270/3395] Built Mathlib.MeasureTheory.Measure.Restrict (20s)
✔ [3271/3395] Built Mathlib.Analysis.Normed.Lp.ProdLp (31s)
✔ [3272/3397] Built Mathlib.Analysis.Normed.Module.FiniteDimension (28s)
✔ [3273/3397] Built Mathlib.Order.Filter.Germ.Basic (16s)
✔ [3274/3397] Built Mathlib.Geometry.Convex.Cone.Pointed (18s)
✔ [3275/3397] Built Mathlib.Analysis.SpecialFunctions.Pow.Continuity (18s)
✔ [3276/3397] Built Mathlib.NumberTheory.Cyclotomic.PrimitiveRoots (20s)
✔ [3277/3399] Built Mathlib.MeasureTheory.Measure.Typeclasses.NullSingletonClass (6.2s)
✔ [3278/3410] Built Mathlib.Analysis.Normed.Group.Indicator (6.3s)
✔ [3279/3417] Built Mathlib.MeasureTheory.Measure.MutuallySingular (7.7s)
✔ [3280/3417] Built Mathlib.Analysis.RCLike.Lemmas (10s)
✔ [3281/3418] Built Mathlib.MeasureTheory.Measure.Typeclasses.Finite (11s)
✔ [3282/3418] Built Mathlib.Order.Monotone.Monovary (5.9s)
✔ [3283/3418] Built Mathlib.Order.Filter.IndicatorFunction (6.0s)
✔ [3284/3418] Built Mathlib.Analysis.Convex.Cone.Extension (10s)
✔ [3285/3418] Built Mathlib.Analysis.Normed.Algebra.Exponential (21s)
✔ [3286/3424] Built Mathlib.MeasureTheory.Measure.Typeclasses.Probability (9.7s)
✔ [3287/3424] Built Mathlib.NumberTheory.LegendreSymbol.AddCharacter (15s)
✔ [3288/3435] Built Mathlib.Analysis.Calculus.ContDiff.FTaylorSeries (52s)
✔ [3289/3435] Built Mathlib.MeasureTheory.Measure.Typeclasses.SFinite (10s)
✔ [3290/3435] Built Mathlib.Algebra.Order.Monovary (12s)
✔ [3291/3436] Built Mathlib.Analysis.Analytic.CPolynomialDef (30s)
✔ [3292/3436] Built Mathlib.Analysis.LocallyConvex.Separation (15s)
✔ [3293/3436] Built Mathlib.Topology.MetricSpace.ThickenedIndicator (13s)
✔ [3294/3436] Built Mathlib.Probability.ConditionalProbability (14s)
✔ [3295/3436] Built Mathlib.MeasureTheory.Measure.Dirac.Basic (11s)
✔ [3296/3436] Built Mathlib.Analysis.Normed.Lp.PiLp (39s)
✔ [3297/3436] Built Mathlib.MeasureTheory.Measure.Real (13s)
✔ [3298/3436] Built Mathlib.NumberTheory.GaussSum (20s)
✔ [3299/3443] Built Mathlib.MeasureTheory.Measure.Decomposition.Exhaustion (12s)
✔ [3300/3443] Built Mathlib.MeasureTheory.Measure.Trim (9.5s)
✔ [3301/3443] Built Mathlib.Analysis.Normed.Operator.Extend (31s)
✔ [3302/3446] Built Mathlib.Analysis.InnerProductSpace.Projection.Basic (35s)
✔ [3303/3446] Built Mathlib.Topology.ContinuousMap.ContinuousMapZero (25s)
✔ [3304/3446] Built Mathlib.MeasureTheory.Measure.Count (7.5s)
✔ [3305/3446] Built Mathlib.Analysis.Convex.Mul (16s)
✔ [3306/3446] Built Mathlib.MeasureTheory.Measure.Decomposition.Hahn (10s)
✔ [3307/3448] Built Mathlib.MeasureTheory.Measure.Sub (5.0s)
✔ [3308/3453] Built Mathlib.Analysis.Analytic.Linear (15s)
✔ [3309/3459] Built Mathlib.NumberTheory.LegendreSymbol.QuadraticChar.GaussSum (10s)
✔ [3310/3459] Built Mathlib.Analysis.Normed.Lp.Matrix (12s)
✔ [3311/3459] Built Mathlib.MeasureTheory.Measure.AEMeasurable (9.4s)
✔ [3312/3459] Built Mathlib.Topology.Algebra.IsUniformGroup.Order (5.4s)
✔ [3313/3459] Built Mathlib.Analysis.LocallyConvex.SeparatingDual (19s)
✔ [3314/3459] Built Mathlib.MeasureTheory.Topology (6.6s)
✔ [3315/3459] Built Mathlib.Analysis.MeanInequalitiesPow (10s)
✔ [3316/3471] Built Mathlib.Analysis.InnerProductSpace.Projection.Submodule (13s)
✔ [3317/3471] Built Mathlib.Analysis.InnerProductSpace.Projection.Reflection (12s)
✔ [3318/3475] Built Mathlib.NumberTheory.LegendreSymbol.QuadraticReciprocity (7.7s)
✔ [3319/3483] Built Mathlib.Analysis.Calculus.TangentCone.Prod (5.4s)
✔ [3320/3492] Built Mathlib.MeasureTheory.Order.Lattice (4.6s)
✔ [3321/3499] Built Mathlib.Dynamics.Ergodic.MeasurePreserving (4.6s)
✔ [3322/3503] Built Mathlib.Analysis.Calculus.InverseFunctionTheorem.ApproximatesLinearOn (15s)
✔ [3323/3503] Built Mathlib.Analysis.Normed.Operator.CompleteCodomain (6.1s)
✔ [3324/3507] Built Mathlib.Analysis.Analytic.Composition (31s)
✔ [3325/3507] Built Mathlib.Analysis.Calculus.Deriv.Prod (8.3s)
✔ [3326/3507] Built Mathlib.Analysis.Convex.Strict.Extreme (6.6s)
✔ [3327/3507] Built Mathlib.Analysis.SpecialFunctions.Trigonometric.Complex (7.7s)
✔ [3328/3509] Built Mathlib.MeasureTheory.Group.Arithmetic (11s)
✔ [3329/3509] Built Mathlib.NumberTheory.LegendreSymbol.JacobiSymbol (8.5s)
✔ [3330/3509] Built Mathlib.Analysis.Normed.Affine.AddTorsorBases (7.0s)
✔ [3331/3509] Built Mathlib.Analysis.InnerProductSpace.Projection.FiniteDimensional (11s)
✔ [3332/3511] Built Mathlib.Analysis.SumOverResidueClass (6.0s)
✔ [3333/3511] Built Mathlib.Analysis.Calculus.InverseFunctionTheorem.FDeriv (9.1s)
✔ [3334/3513] Built Mathlib.Analysis.Asymptotics.SpecificAsymptotics (8.2s)
✔ [3335/3513] Built Mathlib.MeasureTheory.Group.Pointwise (5.6s)
✔ [3336/3513] Built Mathlib.MeasureTheory.Group.Defs (6.1s)
✔ [3337/3514] Built Mathlib.Analysis.SpecialFunctions.Trigonometric.Arctan (7.4s)
✔ [3338/3517] Built Mathlib.Topology.FiberBundle.IsHomeomorphicTrivialBundle (2.8s)
✔ [3339/3517] Built Mathlib.MeasureTheory.Group.MeasurableEquiv (8.8s)
✔ [3340/3519] Built Mathlib.Analysis.Calculus.InverseFunctionTheorem.Deriv (5.6s)
✔ [3341/3525] Built Mathlib.SetTheory.Cardinal.Continuum (4.4s)
✔ [3342/3525] Built Mathlib.MeasureTheory.Constructions.BorelSpace.Basic (11s)
✔ [3343/3525] Built Mathlib.Analysis.PSeries (10s)
✔ [3344/3525] Built Mathlib.Tactic.NormNum.LegendreSymbol (12s)
✔ [3345/3525] Built Mathlib.Algebra.CharZero.Infinite (6.6s)
✔ [3346/3525] Built Mathlib.Order.Filter.AtTopBot.Floor (5.9s)
✔ [3347/3525] Built Mathlib.Analysis.Analytic.Inverse (18s)
✔ [3348/3525] Built Mathlib.Analysis.Complex.ReImTopology (8.8s)
✔ [3349/3525] Built Mathlib.Analysis.SpecialFunctions.Complex.CircleMap (9.1s)
✔ [3350/3525] Built Mathlib.MeasureTheory.Constructions.BorelSpace.Complex (5.9s)
✔ [3351/3527] Built Mathlib.MeasureTheory.Measure.OpenPos (6.2s)
✔ [3352/3539] Built Mathlib.MeasureTheory.Constructions.BorelSpace.ContinuousLinearMap (7.2s)
✔ [3353/3543] Built Mathlib.MeasureTheory.Constructions.BorelSpace.Metric (6.7s)
✔ [3354/3548] Built Mathlib.SetTheory.Cardinal.Rat (4.8s)
✔ [3355/3550] Built Mathlib.MeasureTheory.Constructions.BorelSpace.Order (10s)
✔ [3356/3550] Built Mathlib.Tactic (8.9s)
✔ [3357/3550] Built Mathlib.MeasureTheory.Measure.Regular (9.1s)
✔ [3358/3550] Built Mathlib.Topology.Algebra.Order.Floor (6.4s)
✔ [3359/3550] Built Mathlib.Analysis.BoxIntegral.Box.Basic (6.4s)
✔ [3360/3550] Built Mathlib.Analysis.Oscillation (5.0s)
✔ [3361/3551] Built Mathlib.Analysis.Real.Cardinality (5.4s)
✔ [3362/3565] Built Mathlib.Analysis.Normed.Lp.MeasurableSpace (5.6s)
✔ [3363/3565] Built Mathlib.LinearAlgebra.Orientation (7.7s)
✔ [3364/3565] Built Mathlib.MeasureTheory.Function.AEMeasurableOrder (6.0s)
✔ [3365/3565] Built Mathlib.MeasureTheory.Constructions.BorelSpace.Real (6.6s)
✔ [3366/3565] Built Mathlib.MeasureTheory.Measure.Stieltjes (8.5s)
✔ [3367/3565] Built Mathlib.MeasureTheory.Measure.Content (8.6s)
✔ [3368/3565] Built Mathlib.Analysis.BoxIntegral.Partition.Basic (7.0s)
✔ [3369/3566] Built Mathlib.MeasureTheory.Group.Action (10s)
✔ [3370/3567] Built Mathlib.Analysis.Analytic.Constructions (41s)
✔ [3371/3567] Built Mathlib.Analysis.BoxIntegral.Box.SubboxInduction (6.6s)
✔ [3372/3567] Built Mathlib.Analysis.InnerProductSpace.PiL2 (39s)
✔ [3373/3567] Built Mathlib.Analysis.Complex.Convex (7.3s)
✔ [3374/3567] Built Mathlib.MeasureTheory.Function.SimpleFunc (15s)
✔ [3375/3567] Built Mathlib.Analysis.SpecificLimits.RCLike (5.1s)
✔ [3376/3567] Built Mathlib.MeasureTheory.Constructions.BorelSpace.Metrizable (5.1s)
✔ [3377/3569] Built Mathlib.Analysis.BoxIntegral.Partition.Split (5.1s)
✔ [3378/3569] Built Mathlib.MeasureTheory.Function.SpecialFunctions.Basic (6.4s)
✔ [3379/3569] Built Mathlib.Analysis.BoxIntegral.Partition.Tagged (5.7s)
✔ [3380/3569] Built Mathlib.Analysis.Analytic.Uniqueness (6.9s)
✔ [3381/3569] Built Mathlib.Analysis.Normed.Module.Extr (4.6s)
✔ [3382/3569] Built Mathlib.Analysis.Normed.Affine.AddTorsor (7.7s)
✔ [3383/3572] Built Mathlib.Analysis.Analytic.Within (5.6s)
✔ [3384/3572] Built Funk.LinearCertificate (26s)
✔ [3385/3572] Built Funk.FlagReduction (25s)
✔ [3386/3573] Built Mathlib.Analysis.InnerProductSpace.GramSchmidtOrtho (9.7s)
✔ [3387/3573] Built Mathlib.MeasureTheory.Integral.Lebesgue.Basic (9.3s)
✔ [3388/3573] Built Mathlib.MeasureTheory.Function.SimpleFuncDense (7.0s)
✔ [3389/3573] Built Mathlib.Analysis.Complex.Cardinality (6.4s)
✔ [3390/3573] Built Mathlib.Analysis.BoxIntegral.Partition.Additive (8.0s)
✔ [3391/3573] Built Mathlib.Topology.Order.ExtrClosure (3.9s)
✔ [3392/3575] Built Mathlib.MeasureTheory.Constructions.Polish.Basic (10s)
✔ [3393/3577] Built Mathlib.Analysis.BoxIntegral.Partition.SubboxInduction (5.6s)
✔ [3394/3585] Built Mathlib.Analysis.InnerProductSpace.ProdL2 (16s)
✔ [3395/3615] Built Mathlib.Analysis.Analytic.CPolynomial (21s)
✔ [3396/3620] Built Mathlib.Analysis.Analytic.Polynomial (7.7s)
✔ [3397/3630] Built Mathlib.MeasureTheory.Integral.Lebesgue.Norm (5.4s)
✔ [3398/3637] Built Mathlib.MeasureTheory.Integral.Lebesgue.Add (9.7s)
✔ [3399/3637] Built Mathlib.LinearAlgebra.Complex.FiniteDimensional (6.4s)
✔ [3400/3643] Built Mathlib.Analysis.InnerProductSpace.Orientation (11s)
✔ [3401/3643] Built Mathlib.Analysis.BoxIntegral.Partition.Filter (8.2s)
✔ [3402/3648] Built Mathlib.Topology.MetricSpace.ProperSpace.Lemmas (5.7s)
✔ [3403/3652] Built Mathlib.Analysis.Calculus.FDeriv.Pi (7.1s)
✔ [3404/3669] Built Funk.Radius (15s)
✔ [3405/3669] Built Mathlib.Analysis.Convex.Exposed (6.4s)
✔ [3406/3687] Built Mathlib.FieldTheory.PolynomialGaloisGroup (11s)
✔ [3407/3687] Built Mathlib.MeasureTheory.Function.StronglyMeasurable.Basic (14s)
✔ [3408/3687] Built Mathlib.MeasureTheory.Integral.Lebesgue.Map (7.3s)
✔ [3409/3687] Built Mathlib.MeasureTheory.Integral.Lebesgue.Markov (5.0s)
✔ [3410/3687] Built Mathlib.MeasureTheory.Integral.Lebesgue.Sub (7.3s)
✔ [3411/3687] Built Mathlib.Analysis.Calculus.Deriv.Pi (6.5s)
✔ [3412/3688] Built Mathlib.Data.Fin.Tuple.Sort (5.6s)
✔ [3413/3688] Built Mathlib.Analysis.Convex.Join (8.0s)
✔ [3414/3688] Built Mathlib.Analysis.Convex.KreinMilman (7.8s)
✔ [3415/3693] Built Mathlib.MeasureTheory.Function.Egorov (8.6s)
✔ [3416/3711] Built Mathlib.Analysis.Convex.Intrinsic (14s)
✔ [3417/3711] Built Mathlib.MeasureTheory.Integral.Lebesgue.Countable (9.8s)
✔ [3418/3711] Built Mathlib.LinearAlgebra.Matrix.Nonsingular (15s)
✔ [3419/3713] Built Mathlib.MeasureTheory.Integral.Lebesgue.DominatedConvergence (8.2s)
✔ [3420/3713] Built Mathlib.Algebra.Ring.Associator (5.8s)
✔ [3421/3716] Built Mathlib.Algebra.GradedMonoid (8.2s)
✔ [3422/3716] Built Mathlib.Analysis.Convex.Between (20s)
✔ [3423/3716] Built Mathlib.MeasureTheory.Function.StronglyMeasurable.AEStronglyMeasurable (14s)
✔ [3424/3716] Built Mathlib.MeasureTheory.Integral.MeanInequalities (10s)
✔ [3425/3718] Built Mathlib.Topology.Algebra.Module.Spaces.WeakBilin (6.7s)
✔ [3426/3719] Built Mathlib.Algebra.GradedMulAction (3.5s)
✔ [3427/3719] Built Mathlib.MeasureTheory.Measure.GiryMonad (6.3s)
✔ [3428/3719] Built Mathlib.Analysis.Normed.Group.NullSubmodule (5.0s)
✔ [3429/3719] Built Mathlib.Topology.Algebra.Module.PerfectPairing (5.6s)
✔ [3430/3719] Built Mathlib.Algebra.Star.UnitaryStarAlgAut (6.4s)
✔ [3431/3721] Built Mathlib.Analysis.Normed.Module.RCLike.Extend (11s)
✔ [3432/3721] Built Mathlib.MeasureTheory.Constructions.Polish.StronglyMeasurable (7.1s)
✔ [3433/3722] Built Mathlib.Analysis.Calculus.FDeriv.Analytic (35s)
✔ [3434/3722] Built Mathlib.Analysis.Normed.Affine.Convex (9.2s)
✔ [3435/3723] Built Mathlib.Topology.OpenPartialHomeomorph.Composition (4.1s)
✔ [3436/3723] Built Mathlib.MeasureTheory.Function.StronglyMeasurable.ENNReal (4.8s)
✔ [3437/3723] Built Mathlib.Algebra.DirectSum.Ring (12s)
✔ [3438/3723] Built Mathlib.Analysis.LocallyConvex.WeakDual (7.9s)
✔ [3439/3724] Built Mathlib.MeasureTheory.Function.AEEqFun (15s)
✔ [3440/3724] Built Mathlib.Analysis.Calculus.FDeriv.WithLp (11s)
✔ [3441/3724] Built Mathlib.Analysis.Real.Spectrum (8.2s)
✔ [3442/3724] Built Mathlib.Analysis.Calculus.FDeriv.Measurable (19s)
✔ [3443/3724] Built Mathlib.MeasureTheory.Measure.Prod (14s)
✔ [3444/3726] Built Mathlib.Analysis.InnerProductSpace.Dual (16s)
✔ [3445/3726] Built Mathlib.Analysis.SpecialFunctions.Exponential (15s)
✔ [3446/3726] Built Mathlib.Algebra.DirectSum.Algebra (9.2s)
✔ [3447/3726] Built Mathlib.Analysis.Normed.Module.Ball.Homeomorph (10s)
✔ [3448/3726] Built Mathlib.FieldTheory.IsAlgClosed.Spectrum (8.4s)
✔ [3449/3731] Built Mathlib.Analysis.LocallyConvex.HahnBanach (10s)
✔ [3450/3731] Built Mathlib.Analysis.Normed.Algebra.UnitizationL1 (12s)
✔ [3451/3733] Built Mathlib.MeasureTheory.Group.Convolution (10s)
✔ [3452/3733] Built Mathlib.Topology.Algebra.Module.Spaces.WeakDual (11s)
✔ [3453/3733] Built Mathlib.Analysis.Normed.Module.HahnBanach (11s)
✔ [3454/3736] Built Mathlib.Algebra.DirectSum.Internal (14s)
✔ [3455/3736] Built Mathlib.MeasureTheory.Group.Measure (21s)
✔ [3456/3737] Built Mathlib.Analysis.Calculus.LagrangeMultipliers (10s)
✔ [3457/3737] Built Mathlib.Algebra.Order.Ring.Star (5.2s)
✔ [3458/3737] Built Mathlib.Topology.Algebra.Module.Spaces.CharacterSpace (9.4s)
✔ [3459/3737] Built Mathlib.Topology.Sets.VietorisTopology (24s)
✔ [3460/3737] Built Mathlib.Analysis.Calculus.ContDiff.Defs (50s)
✔ [3461/3737] Built Mathlib.RingTheory.GradedAlgebra.Basic (14s)
✔ [3462/3740] Built Mathlib.MeasureTheory.Group.LIntegral (8.5s)
✔ [3463/3742] Built Mathlib.LinearAlgebra.Eigenspace.Basic (20s)
✔ [3464/3743] Built Mathlib.Analysis.Normed.Operator.Compact.Basic (14s)
✔ [3465/3745] Built Mathlib.Analysis.Calculus.ContDiff.FaaDiBruno (56s)
✔ [3466/3745] Built Mathlib.MeasureTheory.Group.Prod (15s)
✔ [3467/3745] Built Mathlib.RingTheory.GradedAlgebra.Homogeneous.Submodule (8.5s)
✔ [3468/3745] Built Mathlib.LinearAlgebra.Charpoly.Basic (9.9s)
✔ [3469/3745] Built Mathlib.LinearAlgebra.Matrix.Charpoly.Eigs (8.5s)
✔ [3470/3745] Built Mathlib.MeasureTheory.Constructions.Pi (17s)
✔ [3471/3745] Built Mathlib.Analysis.Normed.Operator.Compact.FiniteDimension (9.2s)
✔ [3472/3746] Built Mathlib.LinearAlgebra.Eigenspace.ContinuousLinearMap (7.3s)
✔ [3473/3746] Built Mathlib.Topology.UniformSpace.Closeds (19s)
✔ [3474/3746] Built Mathlib.LinearAlgebra.Eigenspace.Minpoly (7.9s)
✔ [3475/3749] Built Mathlib.Analysis.Calculus.FDeriv.Mul (72s)
✔ [3476/3749] Built Mathlib.Analysis.LConvolution (9.3s)
✔ [3477/3749] Built Mathlib.Analysis.Normed.Operator.Compact.FredholmAlternative (18s)
✔ [3478/3749] Built Mathlib.MeasureTheory.Measure.Haar.Basic (13s)
✔ [3479/3751] Built Mathlib.LinearAlgebra.Charpoly.ToMatrix (7.6s)
✔ [3480/3751] Built Mathlib.Probability.UniformOn (7.3s)
✔ [3481/3751] Built Mathlib.RingTheory.GradedAlgebra.Homogeneous.Ideal (10s)
✔ [3482/3751] Built Mathlib.LinearAlgebra.Matrix.Hadamard (6.4s)
✔ [3483/3751] Built Mathlib.Analysis.Calculus.ContDiff.Basic (27s)
✔ [3484/3751] Built Mathlib.MeasureTheory.Integral.Marginal (9.2s)
✔ [3485/3751] Built Mathlib.Topology.Semicontinuity.Hemicontinuity (5.6s)
✔ [3486/3751] Built Mathlib.Analysis.Calculus.DiffContOnCl (7.6s)
✔ [3487/3752] Built Mathlib.Analysis.Calculus.DSlope (7.0s)
✔ [3488/3756] Built Mathlib.LinearAlgebra.Matrix.ZPow (7.2s)
✔ [3489/3756] Built Mathlib.LinearAlgebra.Charpoly.BaseChange (7.6s)
✔ [3490/3756] Built Mathlib.LinearAlgebra.Eigenspace.Matrix (8.5s)
✔ [3491/3756] Built Mathlib.MeasureTheory.Function.EssSup (8.8s)
✔ [3492/3756] Built Mathlib.Analysis.Calculus.FDeriv.Pow (14s)
✔ [3493/3756] Built Mathlib.MeasureTheory.Measure.WithDensity (12s)
✔ [3494/3759] Built Mathlib.RingTheory.MvPolynomial.WeightedHomogeneous (8.7s)
✔ [3495/3759] Built Mathlib.MeasureTheory.Measure.Haar.OfBasis (14s)
✔ [3496/3759] Built Mathlib.LinearAlgebra.Matrix.Vec (5.2s)
✔ [3497/3759] Built Mathlib.LinearAlgebra.Matrix.Hermitian (6.8s)
✔ [3498/3759] Built Mathlib.LinearAlgebra.Eigenspace.Charpoly (6.0s)
✔ [3499/3759] Built Mathlib.Analysis.Analytic.IsolatedZeros (11s)
✔ [3500/3759] Built Mathlib.Analysis.Calculus.ContDiff.Comp (15s)
✔ [3501/3759] Built Mathlib.Analysis.Calculus.Deriv.Pow (7.9s)
✔ [3502/3759] Built Mathlib.Analysis.Calculus.Deriv.Mul (24s)
✔ [3503/3759] Built Mathlib.MeasureTheory.Function.LpSeminorm.Defs (6.1s)
✔ [3504/3759] Built Mathlib.Analysis.InnerProductSpace.Adjoint (81s)
✔ [3505/3759] Built Mathlib.Analysis.Normed.Algebra.Spectrum (15s)
✔ [3506/3759] Built Mathlib.MeasureTheory.Function.AEEqOfLIntegral (5.3s)
✔ [3507/3759] Built Mathlib.MeasureTheory.Function.L1Space.HasFiniteIntegral (6.5s)
✔ [3508/3759] Built Mathlib.Basic.NNReal.Star (3.6s)
✔ [3509/3759] Built Mathlib.MeasureTheory.Function.StronglyMeasurable.Lemmas (5.9s)
✔ [3510/3759] Built Mathlib.RingTheory.MvPolynomial.Homogeneous (6.6s)
✔ [3511/3759] Built Mathlib.Analysis.Calculus.ContDiff.Deriv (6.3s)
✔ [3512/3759] Built Mathlib.Analysis.Calculus.Deriv.Polynomial (6.4s)
✔ [3513/3759] Built Mathlib.MeasureTheory.Measure.Lebesgue.Basic (7.0s)
✔ [3514/3759] Built Mathlib.Analysis.Calculus.Deriv.Inv (7.1s)
✔ [3515/3759] Built Mathlib.Analysis.Calculus.Deriv.CompMul (5.8s)
✔ [3516/3759] Built Mathlib.Analysis.Calculus.Deriv.MeanValue (7.4s)
✔ [3517/3759] Built Mathlib.Algebra.Order.Star.Real (4.7s)
✔ [3518/3759] Built Mathlib.Analysis.Matrix.Hermitian (7.3s)
✔ [3519/3759] Built Mathlib.LinearAlgebra.QuadraticForm.Basic (25s)
✔ [3520/3759] Built Mathlib.Analysis.Calculus.MeanValue (13s)
✔ [3521/3759] Built Mathlib.MeasureTheory.Measure.Decomposition.Lebesgue (9.8s)
✔ [3522/3759] Built Mathlib.MeasureTheory.Function.LpSeminorm.Basic (12s)
✔ [3523/3759] Built Mathlib.Analysis.Calculus.IteratedDeriv.Defs (8.8s)
✔ [3524/3759] Built Mathlib.Analysis.BoxIntegral.Partition.Measure (7.7s)
✔ [3525/3759] Built Mathlib.Analysis.Calculus.Deriv.Shift (6.7s)
✔ [3526/3759] Built Mathlib.Analysis.Calculus.ContDiff.RCLike (11s)
✔ [3527/3759] Built Mathlib.Analysis.Convex.Deriv (12s)
✔ [3528/3759] Built Mathlib.LinearAlgebra.Matrix.PosDef (12s)
✔ [3529/3759] Built Mathlib.MeasureTheory.Function.LpSeminorm.Prod (9.3s)
✔ [3530/3759] Built Mathlib.Analysis.Calculus.FDeriv.Extend (13s)
✔ [3531/3759] Built Funk.Targets (22s)
✔ [3532/3759] Built Mathlib.MeasureTheory.Measure.Lebesgue.EqHaar (20s)
✔ [3533/3759] Built Mathlib.Analysis.Calculus.UniformLimitsDeriv (16s)
✔ [3534/3759] Built Funk.WeightedSlope (19s)
✔ [3535/3759] Built Mathlib.MeasureTheory.Function.LpSeminorm.Monotonicity (9.4s)
✔ [3536/3759] Built Mathlib.MeasureTheory.Function.LpSeminorm.TriangleInequality (9.9s)
✔ [3537/3759] Built Mathlib.MeasureTheory.Function.LpSeminorm.ChebyshevMarkov (8.6s)
✔ [3538/3766] Built Mathlib.MeasureTheory.Function.LpSeminorm.Indicator (10s)
✔ [3539/3770] Built Mathlib.Analysis.Calculus.InverseFunctionTheorem.Analytic (9.1s)
✔ [3540/3770] Built Mathlib.Analysis.Calculus.Deriv.ZPow (11s)
✔ [3541/3770] Built Mathlib.LinearAlgebra.Multilinear.TensorProduct (8.2s)
✔ [3542/3770] Built Mathlib.LinearAlgebra.Alternating.Curry (8.3s)
✔ [3543/3778] Built Mathlib.Analysis.Convex.Measure (11s)
✔ [3544/3781] Built Mathlib.MeasureTheory.Function.LpSeminorm.SMul (11s)
✔ [3545/3781] Built Mathlib.Data.Fin.Parity (6.4s)
✔ [3546/3781] Built Funk.RegularZeroNull (18s)
✔ [3547/3784] Built Funk.PolytopeFaces (19s)
✔ [3548/3787] Built Mathlib.Analysis.Calculus.ContDiff.Operations (53s)
✔ [3549/3787] Built Mathlib.MeasureTheory.Measure.Haar.InnerProductSpace (24s)
✔ [3550/3787] Built Mathlib.Analysis.Calculus.ContDiff.CPolynomial (11s)
✔ [3551/3787] Built Mathlib.Analysis.Calculus.LogDeriv (19s)
✔ [3552/3787] Built Mathlib.Analysis.Normed.Module.Alternating.Curry (18s)
✔ [3553/3787] Built Mathlib.LinearAlgebra.Alternating.Uncurry.Fin (16s)
✔ [3554/3787] Built Mathlib.LinearAlgebra.Alternating.DomCoprod (22s)
✔ [3555/3787] Built Mathlib.MeasureTheory.Function.LpSeminorm.CompareExp (22s)
✔ [3556/3792] Built Mathlib.Analysis.BoxIntegral.Basic (40s)
✔ [3557/3793] Built Mathlib.Analysis.Calculus.ContDiff.FiniteDimension (10s)
✔ [3558/3793] Built Mathlib.Analysis.Calculus.ContDiff.RestrictScalars (15s)
✔ [3559/3793] Built Mathlib.Analysis.Calculus.ContDiff.WithLp (9.3s)
✔ [3560/3793] Built Mathlib.Analysis.SpecialFunctions.Sqrt (9.4s)
✔ [3561/3793] Built Mathlib.Analysis.Complex.RealDeriv (9.3s)
✔ [3562/3793] Built Mathlib.MeasureTheory.Measure.Lebesgue.Complex (9.0s)
✔ [3563/3793] Built Mathlib.Analysis.Calculus.FDeriv.ContinuousMultilinearMap (29s)
✔ [3564/3793] Built Mathlib.Analysis.Analytic.IteratedFDeriv (12s)
✔ [3565/3803] Built Mathlib.Analysis.BoxIntegral.DivergenceTheorem (14s)
✔ [3566/3803] Built Mathlib.Analysis.Normed.Module.Alternating.Uncurry.Fin (19s)
✔ [3567/3811] Built Mathlib.Algebra.Order.Field.Pointwise (5.9s)
✔ [3568/3814] Built Mathlib.Analysis.InnerProductSpace.Calculus (19s)
✔ [3569/3816] Built Mathlib.Analysis.Calculus.IteratedDeriv.Lemmas (38s)
✔ [3570/3816] Built Mathlib.Analysis.Normed.Module.Ball.RadialEquiv (14s)
✔ [3571/3826] Built Mathlib.Topology.ContinuousMap.Ordered (8.9s)
✔ [3572/3826] Built Mathlib.MeasureTheory.Function.LpSpace.Basic (37s)
✔ [3573/3855] Built Funk.HalfspaceVertices (56s)
✔ [3574/3855] Built Mathlib.Analysis.Calculus.FDeriv.Symmetric (28s)
✔ [3575/3855] Built Mathlib.LinearAlgebra.AffineSpace.Ordered (17s)
✔ [3576/3856] Built Mathlib.Analysis.Calculus.FDeriv.ContinuousAlternatingMap (41s)
✔ [3577/3856] Built Mathlib.Data.Nat.Factorial.DoubleFactorial (9.0s)
✔ [3578/3875] Built Mathlib.MeasureTheory.Function.LpSpace.Complete (14s)
✔ [3579/3879] Built Funk.CoordinateSliceNull (79s)
✔ [3580/3879] Built Mathlib.Analysis.InnerProductSpace.Rayleigh (32s)
✔ [3581/3879] Built Mathlib.Topology.UrysohnsLemma (14s)
✔ [3582/3879] Built Mathlib.Analysis.SpecialFunctions.ExpDeriv (18s)
✔ [3583/3879] Built Mathlib.MeasureTheory.Function.LpSpace.Indicator (18s)
✔ [3584/3879] Built Mathlib.LinearAlgebra.Multilinear.FiniteDimensional (13s)
✔ [3585/3879] Built Mathlib.Topology.Metrizable.Urysohn (8.7s)
✔ [3586/3879] Built Mathlib.Analysis.Calculus.InverseFunctionTheorem.ContDiff (9.1s)
✔ [3587/3879] Built Mathlib.MeasureTheory.Function.ConvergenceInMeasure (10s)
✔ [3588/3879] Built Mathlib.MeasureTheory.Measure.EverywherePos (10s)
✔ [3589/3881] Built Mathlib.Analysis.Calculus.DifferentialForm.Basic (23s)
✔ [3590/3881] Built Mathlib.Analysis.SpecialFunctions.Trigonometric.Deriv (14s)
✔ [3591/3881] Built Mathlib.Analysis.InnerProductSpace.Spectrum (17s)
✔ [3592/3882] Built Mathlib.Data.Bundle (4.1s)
✔ [3593/3882] Built Mathlib.MeasureTheory.Function.LpOrder (12s)
✔ [3594/3882] Built Mathlib.Analysis.SpecialFunctions.Complex.LogDeriv (17s)
✔ [3595/3889] Built Mathlib.Analysis.RCLike.TangentCone (8.7s)
✔ [3596/3893] Built Mathlib.Topology.SeparatedMap (5.4s)
✔ [3597/3893] Built Mathlib.Geometry.Manifold.StructureGroupoid (7.2s)
✔ [3598/3895] Built Mathlib.Analysis.SpecialFunctions.Trigonometric.ComplexDeriv (13s)
✔ [3599/3895] Built Mathlib.Analysis.SpecialFunctions.Log.Deriv (22s)
✔ [3600/3895] Built Mathlib.Analysis.Matrix.Spectrum (12s)
✔ [3601/3895] Built Mathlib.Topology.IsLocalHomeomorph (4.4s)
✔ [3602/3898] Built Mathlib.Topology.OpenPartialHomeomorph.Constructions (6.2s)
✔ [3603/3898] Built Mathlib.Analysis.SpecialFunctions.Trigonometric.ArctanDeriv (8.4s)
✔ [3604/3898] Built Mathlib.Analysis.Normed.Operator.Prod (9.8s)
✔ [3605/3902] Built Mathlib.MeasureTheory.Function.L1Space.Integrable (23s)
✔ [3606/3902] Built Mathlib.Analysis.Convex.SpecificFunctions.Deriv (12s)
✔ [3607/3902] Built Mathlib.Analysis.SpecialFunctions.Log.NegMulLog (16s)
✔ [3608/3902] Built Mathlib.Analysis.SpecialFunctions.Log.InvLog (18s)
✔ [3609/3902] Built Mathlib.Analysis.SpecialFunctions.Pow.Deriv (22s)
✔ [3610/3903] Built Mathlib.Geometry.Manifold.ChartedSpace (16s)
✔ [3611/3903] Built OAI.Analysis.Mahler.LogUniform (79s)
✔ [3612/3904] Built Mathlib.Analysis.SpecialFunctions.Trigonometric.Bounds (12s)
✔ [3613/3904] Built Mathlib.Analysis.Matrix.PosDef (24s)
✔ [3614/3907] Built Mathlib.MeasureTheory.Function.L1Space.AEEqFun (13s)
✔ [3615/3907] Built Mathlib.MeasureTheory.Integral.IntegrableOn (16s)
✔ [3616/3907] Built Mathlib.Geometry.Manifold.HasGroupoid (12s)
✔ [3617/3910] Built Mathlib.Analysis.Calculus.SmoothSeries (14s)
✔ [3618/3910] Built Mathlib.Analysis.SpecialFunctions.PolynomialExp (7.8s)
✔ [3619/3911] Built Mathlib.Analysis.SpecialFunctions.Trigonometric.Sinc (10s)
✔ [3620/3911] Built Mathlib.Analysis.Calculus.BumpFunction.Basic (11s)
✔ [3621/3913] Built OAI.Analysis.Mahler.HorizontalForms (143s)
✔ [3622/3913] Built Mathlib.Geometry.Manifold.LocalInvariantProperties (12s)
✔ [3623/3913] Built Mathlib.Analysis.SpecialFunctions.SmoothTransition (12s)
✔ [3624/3929] Built Mathlib.Analysis.InnerProductSpace.EuclideanDist (12s)
✔ [3625/3942] Built Mathlib.MeasureTheory.Function.LocallyIntegrable (19s)
✔ [3626/3942] Built Mathlib.MeasureTheory.Function.SimpleFuncDenseLp (24s)
✔ [3627/3944] Built Mathlib.Data.Set.Pointwise.Support (8.4s)
✔ [3628/3952] Built OAI.Analysis.Mahler.RegularLevelCharts (87s)
✔ [3629/3952] Built OAI.Analysis.Mahler.DCForms (66s)
✔ [3630/3956] Built Mathlib.Geometry.Manifold.IsManifold.Basic (17s)
✔ [3631/3956] Built Mathlib.Topology.Compactness.Paracompact (3.9s)
✔ [3632/3957] Built Mathlib.Topology.ShrinkingLemma (3.9s)
✔ [3633/3961] Built Mathlib.Analysis.Calculus.BumpFunction.InnerProduct (6.9s)
✔ [3634/3966] Built Mathlib.Topology.FiberBundle.Trivialization (8.7s)
✔ [3635/3966] Built Mathlib.MeasureTheory.Integral.FinMeasAdditive (9.5s)
✔ [3636/3966] Built Mathlib.Topology.EMetricSpace.Paracompact (5.7s)
✔ [3637/3969] Built Mathlib.Topology.PartitionOfUnity (6.0s)
✔ [3638/3973] Built Mathlib.Geometry.Manifold.IsManifold.ExtChartAt (9.6s)
✔ [3639/3973] Built OAI.Analysis.Mahler.RegularSublevel (12s)
✔ [3640/3973] Built Funk.LensHeight (101s)
✔ [3641/3973] Built Mathlib.Topology.FiberBundle.Basic (6.3s)
✔ [3642/3973] Built OAI.Analysis.Mahler.WedgeAlgebra (21s)
✔ [3643/3973] Built Mathlib.Analysis.Convex.PartitionOfUnity (5.5s)
✔ [3644/3973] Built OAI.Analysis.Mahler.PullbackRegularity (16s)
✔ [3645/3973] Built OAI.Analysis.Mahler.LogJet (14s)
✔ [3646/3973] Built Mathlib.Geometry.Manifold.MFDeriv.Defs (8.5s)
✔ [3647/3973] Built Mathlib.Topology.FiberBundle.Constructions (5.4s)
✔ [3648/3973] Built Mathlib.Geometry.Manifold.ContMDiff.Defs (11s)
✔ [3649/3973] Built OAI.Analysis.Mahler.LogScalarJet (18s)
✔ [3650/3976] Built Mathlib.Topology.MetricSpace.PartitionOfUnity (5.4s)
✔ [3651/3984] Built OAI.Analysis.Mahler.RegularBoundaryAtlas (12s)
✔ [3652/3984] Built Mathlib.MeasureTheory.Integral.SetToL1.SimpleFunc (18s)
✔ [3653/3990] Built OAI.Analysis.Mahler.FiniteStrips (7.2s)
✔ [3654/3990] Built Mathlib.Geometry.Manifold.ContMDiff.Basic (9.6s)
✔ [3655/3996] Built Funk.LensSeries (20s)
✔ [3656/3998] Built Mathlib.Topology.VectorBundle.Basic (19s)
✔ [3657/3998] Built OAI.Analysis.Mahler.WedgeCalculus (17s)
✔ [3658/4001] Built OAI.Analysis.Mahler.CovectorVolume (18s)
✔ [3659/4001] Built Mathlib.Geometry.Manifold.Notation (14s)
✔ [3660/4006] Built OAI.Analysis.Mahler.NormSquareJet (19s)
✔ [3661/4006] Built Mathlib.Analysis.Real.Pi.Bounds (7.7s)
✔ [3662/4006] Built OAI.Analysis.Mahler.ConformalSeries (17s)
✔ [3663/4006] Built Mathlib.Analysis.Calculus.FDeriv.Partial (8.3s)
✔ [3664/4011] Built Mathlib.MeasureTheory.Integral.SetToL1.L1 (17s)
✔ [3665/4011] Built Mathlib.Analysis.Normed.Module.Complemented (9.1s)
✔ [3666/4030] Built Mathlib.Topology.VectorBundle.Constructions (9.2s)
✔ [3667/4030] Built Mathlib.Geometry.Manifold.ContMDiff.Constructions (10s)
✔ [3668/4030] Built Mathlib.Analysis.Calculus.FDeriv.Star (7.8s)
✔ [3669/4030] Built Mathlib.MeasureTheory.Integral.SetToL1.Function (10s)
✔ [3670/4030] Built Mathlib.Analysis.Calculus.Implicit (11s)
✔ [3671/4030] Built OAI.Analysis.Mahler.ExteriorPower (22s)
✔ [3672/4030] Built Mathlib.MeasureTheory.Integral.Bochner.L1 (15s)
✔ [3673/4030] Built OAI.Analysis.Mahler.WedgeDecomposition (20s)
✔ [3674/4036] Built OAI.Analysis.Mahler.AngularGeometry (16s)
✔ [3675/4036] Built OAI.Analysis.Mahler.PlanarEstimates (19s)
✔ [3676/4036] Built Mathlib.Analysis.Calculus.Deriv.Star (5.6s)
✔ [3677/4044] Built OAI.Analysis.Mahler.LogNormSquare (21s)
✔ [3678/4077] Built Mathlib.MeasureTheory.Integral.SetToL1.DominatedConvergence (7.8s)
✔ [3679/4078] Built Mathlib.Geometry.Manifold.MFDeriv.Basic (24s)
✔ [3680/4078] Built Mathlib.MeasureTheory.Integral.SetToL1.ChangeMeasure (7.5s)
✔ [3681/4083] Built Mathlib.Analysis.Calculus.ImplicitFunction.ProdDomain (8.5s)
✔ [3682/4083] Built OAI.Analysis.Mahler.ExteriorAlternatization (9.6s)
✔ [3683/4083] Built Mathlib.Geometry.Manifold.MFDeriv.FDeriv (6.3s)
✔ [3684/4083] Built Mathlib.Geometry.Manifold.ContMDiff.NormedSpace (18s)
✔ [3685/4083] Built OAI.Analysis.Mahler.ConformalInjectivity (12s)
✔ [3686/4083] Built OAI.Analysis.Mahler.DCRegularity (10s)
✔ [3687/4083] Built Mathlib.Analysis.Calculus.ImplicitContDiff (6.0s)
✔ [3688/4083] Built OAI.Analysis.Mahler.Jacobian (11s)
✔ [3690/4123] Built Mathlib.Analysis.Calculus.ImplicitFunction.Bivariate (6.4s)
✔ [3691/4123] Built OAI.Analysis.Mahler.WedgeAssociativity (17s)
✔ [3692/4123] Built Mathlib.RingTheory.Complex (5.4s)
✔ [3693/4123] Built Mathlib.MeasureTheory.Integral.Bochner.Basic (16s)
✔ [3694/4123] Built Mathlib.Geometry.Manifold.ContMDiff.Atlas (8.6s)
✔ [3695/4123] Built Mathlib.Geometry.Manifold.ContMDiffMap (8.1s)
✔ [3696/4123] Built Funk.RectangularDeterminant (8.0s)
✔ [3697/4123] Built OAI.Analysis.Mahler.ComplexVolume (14s)
✔ [3698/4123] Built Mathlib.Geometry.Manifold.VectorBundle.FiberwiseLinear (11s)
✔ [3699/4123] Built OAI.Analysis.Mahler.RawExteriorPower (17s)
✔ [3700/4123] Built Mathlib.MeasureTheory.Group.Integral (7.4s)
✔ [3701/4123] Built Mathlib.MeasureTheory.Integral.Bochner.VitaliCaratheodory (7.3s)
✔ [3702/4123] Built Mathlib.MeasureTheory.Integral.Bochner.SumMeasure (7.4s)
✔ [3703/4123] Built OAI.Analysis.Mahler.ContinuousWedge (34s)
✔ [3704/4123] Built Mathlib.Geometry.Manifold.Algebra.Monoid (13s)
✔ [3705/4123] Built Mathlib.MeasureTheory.Function.Holder (17s)
✔ [3706/4123] Built OAI.Analysis.Mahler.WedgeOne (17s)
✔ [3707/4123] Built OAI.Analysis.Mahler.WedgeEven (18s)
✔ [3708/4123] Built Mathlib.Geometry.Manifold.MFDeriv.SpecificFunctions (31s)
✔ [3709/4123] Built Mathlib.Geometry.Manifold.VectorBundle.Basic (14s)
✔ [3710/4123] Built OAI.Analysis.Mahler.RawAlternatingCalculus (13s)
✔ [3711/4123] Built Mathlib.Geometry.Manifold.Algebra.LieGroup (6.8s)
✔ [3712/4123] Built Mathlib.MeasureTheory.Integral.Bochner.Set (12s)
✔ [3713/4123] Built Mathlib.Geometry.Manifold.Algebra.Structures (5.3s)
✔ [3714/4123] Built Mathlib.MeasureTheory.Integral.Asymptotics (6.3s)
✔ [3715/4123] Built Mathlib.MeasureTheory.Integral.Bochner.FundThmCalculus (6.6s)
✔ [3716/4123] Built Mathlib.Analysis.BoxIntegral.Integrability (7.5s)
✔ [3717/4123] Built Mathlib.MeasureTheory.Measure.Haar.NormedSpace (8.3s)
✔ [3718/4123] Built Mathlib.Geometry.Manifold.VectorBundle.Tangent (10s)
✔ [3719/4123] Built Mathlib.MeasureTheory.Integral.Bochner.ContinuousLinearMap (8.8s)
✔ [3720/4123] Built Mathlib.Geometry.Manifold.MFDeriv.Atlas (6.4s)
✔ [3721/4123] Built Mathlib.MeasureTheory.Integral.Average (10s)
✔ [3722/4123] Built OAI.Analysis.Mahler.RawClosedProduct (20s)
✔ [3723/4123] Built Mathlib.MeasureTheory.Integral.IntervalIntegral.Basic (10s)
✔ [3724/4123] Built Mathlib.MeasureTheory.Group.FundamentalDomain (19s)
✔ [3725/4123] Built Mathlib.Geometry.Manifold.MFDeriv.UniqueDifferential (4.6s)
✔ [3726/4123] Built Mathlib.MeasureTheory.Covering.Differentiation (7.3s)
✔ [3727/4123] Built Mathlib.MeasureTheory.Integral.Layercake (7.7s)
✔ [3728/4123] Built Mathlib.MeasureTheory.Integral.DominatedConvergence (8.0s)
✔ [3729/4123] Built Mathlib.MeasureTheory.Integral.Prod (8.4s)
✔ [3730/4123] Built Mathlib.Geometry.Manifold.Diffeomorph (16s)
✔ [3731/4123] Built Mathlib.MeasureTheory.Integral.Pi (9.2s)
✔ [3732/4123] Built Mathlib.MeasureTheory.Covering.Besicovitch (12s)
✔ [3733/4123] Built Mathlib.Analysis.Calculus.ParametricIntegral (12s)
✔ [3734/4123] Built Mathlib.MeasureTheory.Integral.DivergenceTheorem (13s)
✔ [3735/4123] Built Mathlib.MeasureTheory.Measure.Haar.Quotient (14s)
✔ [3736/4123] Built Mathlib.MeasureTheory.Integral.IntervalIntegral.FundThmCalculus (15s)
✔ [3737/4123] Built OAI.Analysis.Mahler.RawClosedPower (24s)
✔ [3738/4123] Built Mathlib.MeasureTheory.Measure.Haar.Unique (19s)
✔ [3739/4123] Built Mathlib.Analysis.Calculus.ParametricIntervalIntegral (7.8s)
✔ [3740/4123] Built Mathlib.MeasureTheory.Covering.BesicovitchVectorSpace (11s)
✔ [3741/4123] Built Mathlib.Geometry.Manifold.Algebra.SMul (14s)
✔ [3742/4123] Built Funk.FiniteDensityProduct (13s)
✔ [3743/4123] Built Mathlib.MeasureTheory.Integral.IntervalIntegral.Periodic (8.9s)
✔ [3744/4123] Built OAI.Analysis.Mahler.CompactFluxDifferentiation (13s)
✔ [3745/4123] Built OAI.Analysis.Mahler.CompactIntegral (15s)
✔ [3746/4123] Built Mathlib.MeasureTheory.Measure.Lebesgue.Integral (6.6s)
✔ [3747/4123] Built Mathlib.Analysis.SpecialFunctions.NonIntegrable (7.4s)
✔ [3748/4123] Built OAI.Analysis.Mahler.CoordinateBall (14s)
✔ [3749/4123] Built Mathlib.MeasureTheory.Function.Jacobian (10s)
✔ [3750/4123] Built OAI.Analysis.Mahler.AngularIntegrals (15s)
✔ [3751/4123] Built Mathlib.Analysis.SpecialFunctions.Integrability.Basic (6.9s)
✔ [3752/4123] Built Mathlib.Geometry.Manifold.VectorBundle.ContMDiffSection (11s)
✔ [3753/4123] Built Mathlib.MeasureTheory.Integral.CircleIntegral (11s)
✔ [3754/4123] Built Mathlib.Analysis.Convolution (41s)
✔ [3755/4123] Built OAI.Analysis.Mahler.RawCoefficientDerivative (19s)
✔ [3756/4123] Built Mathlib.MeasureTheory.Function.JacobianOneDim (8.3s)
✔ [3757/4123] Built Mathlib.Analysis.SpecialFunctions.PolarCoord (8.4s)
✔ [3758/4123] Built Mathlib.Analysis.SpecialFunctions.JapaneseBracket (6.1s)
✔ [3759/4123] Built OAI.Analysis.Mahler.CoordinateAnnulus (12s)
✔ [3760/4123] Built OAI.Analysis.Mahler.AngularEndpoint (9.9s)
✔ [3761/4123] Built Mathlib.Analysis.Complex.CauchyIntegral (7.4s)
✔ [3762/4123] Built Funk.DensityTransport (9.7s)
✔ [3763/4123] Built Mathlib.MeasureTheory.Integral.IntervalIntegral.IntegrationByParts (9.9s)
✔ [3764/4123] Built OAI.Analysis.Mahler.ShellRegularity (11s)
✔ [3765/4123] Built Mathlib.Analysis.Calculus.ContDiff.Convolution (14s)
✔ [3766/4123] Built Mathlib.Analysis.Complex.RemovableSingularity (7.7s)
✔ [3767/4123] Built Mathlib.Analysis.Complex.Liouville (7.9s)
✔ [3768/4123] Built Mathlib.Analysis.SpecialFunctions.Complex.Analytic (9.5s)
✔ [3769/4123] Built OAI.Analysis.Mahler.AngularStrip (13s)
✔ [3770/4123] Built OAI.Analysis.Mahler.RawAlternationDerivative (18s)
✔ [3771/4123] Built Mathlib.Analysis.Complex.AbsMax (8.4s)
✔ [3772/4123] Built Mathlib.Analysis.SpecialFunctions.Integrals.Basic (9.6s)
✔ [3773/4123] Built Mathlib.Analysis.Complex.LocallyUniformLimit (6.7s)
✔ [3774/4123] Built Mathlib.Analysis.Complex.Polynomial.Basic (7.7s)
✔ [3775/4123] Built OAI.Analysis.Mahler.CoordinateSphere (13s)
✔ [3776/4123] Built Funk.BranchDensity (16s)
✔ [3777/4123] Built OAI.Analysis.Mahler.FormStokes (14s)
✔ [3778/4123] Built Mathlib.Analysis.Calculus.BumpFunction.FiniteDimension (12s)
✔ [3779/4123] Built Mathlib.MeasureTheory.Integral.IntegralEqImproper (15s)
✔ [3780/4123] Built OAI.Analysis.Mahler.ConformalInverse (12s)
✔ [3781/4123] Built Mathlib.Analysis.Complex.Schwarz (8.4s)
✔ [3782/4123] Built OAI.Analysis.Mahler.RawReindexedDerivative (14s)
✔ [3783/4123] Built Funk.ConvexMaximum (11s)
✔ [3784/4123] Built Mathlib.Analysis.Complex.OpenMapping (7.6s)
✔ [3785/4123] Built Mathlib.MeasureTheory.Constructions.HaarToSphere (9.2s)
✔ [3786/4123] Built Mathlib.Analysis.SpecialFunctions.Complex.LogBounds (10s)
✔ [3787/4123] Built OAI.Analysis.Mahler.Hessian (33s)
✔ [3788/4123] Built Funk.IntervalNormalization (11s)
✔ [3789/4123] Built OAI.Analysis.Mahler.CoordinateEuclidean (11s)
✔ [3790/4123] Built OAI.Analysis.Mahler.TailIntegral (13s)
✔ [3791/4123] Built Mathlib.Geometry.Manifold.BumpFunction (9.2s)
✔ [3792/4123] Built Mathlib.Analysis.SpecialFunctions.ImproperIntegrals (6.0s)
✔ [3793/4123] Built Mathlib.MeasureTheory.Integral.ExpDecay (5.6s)
✔ [3794/4123] Built OAI.Analysis.Mahler.PuncturedBallStokes (10s)
✔ [3795/4123] Built Mathlib.Analysis.SpecialFunctions.Complex.Arctan (5.8s)
✔ [3796/4123] Built OAI.Analysis.Mahler.ChartStokes (13s)
✔ [3797/4123] Built Funk.VertexDeterminant (19s)
✔ [3798/4123] Built OAI.Analysis.Mahler.VerticalRadius (11s)
✔ [3799/4123] Built Funk.HalfPlane (10s)
✔ [3800/4123] Built Funk.IntervalFlags (9.4s)
✔ [3801/4123] Built OAI.Analysis.Mahler.HolomorphicRegularity (15s)
✔ [3802/4123] Built Funk.BranchProbability (12s)
✔ [3803/4123] Built OAI.Analysis.Mahler.Positivity (14s)
✔ [3804/4123] Built Mathlib.Analysis.SpecialFunctions.Gamma.Basic (7.3s)
✔ [3805/4123] Built OAI.Analysis.Mahler.ComplexCoordinates (12s)
✔ [3806/4123] Built OAI.Analysis.Mahler.SineBound (11s)
✔ [3807/4123] Built Mathlib.Geometry.Manifold.PartitionOfUnity (11s)
✔ [3808/4123] Built OAI.Analysis.Mahler.HemisphereChart (15s)
✔ [3809/4123] Built OAI.Analysis.Mahler.OrientedChartIntegral (13s)
✔ [3810/4123] Built OAI.Analysis.Mahler.ErrorBound (18s)
✔ [3811/4123] Built Funk.PolytopeFlags (11s)
✔ [3812/4123] Built Funk.LensAnalytic (19s)
✔ [3813/4123] Built Funk.CertificateExamples (16s)
✔ [3814/4123] Built Funk.SimplexVolume (16s)
✔ [3815/4123] Built OAI.Analysis.Mahler.ConformalRadialRegularity (14s)
✔ [3816/4123] Built OAI.Analysis.Mahler.HolomorphicLogC2 (11s)
✔ [3817/4123] Built OAI.Analysis.Mahler.RescalingEstimates (13s)
✔ [3818/4123] Built Mathlib.MeasureTheory.Integral.Gamma (6.7s)
✔ [3819/4123] Built Mathlib.Analysis.SpecialFunctions.Gaussian.GaussianIntegral (7.0s)
✔ [3820/4123] Built OAI.Analysis.Mahler.MatrixHessian (17s)
✔ [3821/4123] Built OAI.Analysis.Mahler.SourceCoordinateMeasure (10s)
✔ [3822/4123] Built Funk.PolytopeExposed (12s)
✔ [3823/4123] Built OAI.Analysis.Mahler.SphereTransport (12s)
✔ [3824/4123] Built OAI.Analysis.Mahler.RegularPartition (12s)
✔ [3825/4123] Built Funk.PolytopeApproximation (10s)
✔ [3826/4123] Built Funk.FlagConvention (10s)
✔ [3827/4123] Built OAI.Analysis.Mahler.UniformError (14s)
✔ [3828/4123] Built OAI.Analysis.Mahler.HemisphereJacobian (14s)
✔ [3829/4123] Built Mathlib.MeasureTheory.Measure.Lebesgue.VolumeOfBalls (11s)
✔ [3830/4123] Built Funk.SimplexCertificate (16s)
✔ [3831/4123] Built Funk.LensBoundary (18s)
✔ [3832/4123] Built Funk.LensJet (21s)
✔ [3833/4123] Built OAI.Analysis.Mahler.InverseRadialRegularity (12s)
✔ [3834/4123] Built OAI.Analysis.Mahler.RescaledHolomorphic (15s)
✔ [3835/4123] Built OAI.Analysis.Mahler.RadialBridge (13s)
✔ [3836/4123] Built OAI.Analysis.Mahler.FormLocalization (16s)
✔ [3837/4123] Built OAI.Analysis.Mahler.MassTarget (21s)
✔ [3838/4123] Built OAI.Analysis.Mahler.HemisphereMeasure (13s)
✔ [3839/4123] Built OAI.Analysis.Mahler.HomogeneousFlux (26s)
✔ [3840/4123] Built Funk.SimplexPacking (17s)
✔ [3841/4123] Built Funk.ArctanStrip (17s)
✔ [3842/4123] Built OAI.Analysis.Mahler.UniformJet (15s)
✔ [3843/4123] Built OAI.Analysis.Mahler.VerticalSpeed (14s)
✔ [3844/4123] Built Funk.LensBoundaryHeight (17s)
✔ [3845/4123] Built OAI.Analysis.Mahler.PrimitiveBound (17s)
✔ [3846/4123] Built OAI.Analysis.Mahler.HalfspaceStokes (23s)
✔ [3847/4123] Built OAI.Analysis.Mahler.ImplicitAngle (17s)
✔ [3848/4123] Built Funk.SeparationCertificate (17s)
✔ [3849/4123] Built Funk.LensHeightInverse (17s)
✔ [3850/4123] Built OAI.Analysis.Mahler.RescaledMassMap (25s)
✔ [3851/4123] Built OAI.Analysis.Mahler.MassLimit (21s)
✔ [3852/4123] Built OAI.Analysis.Mahler.HemisphereArea (18s)
✔ [3853/4123] Built OAI.Analysis.Mahler.OpenHessian (24s)
✔ [3854/4123] Built OAI.Analysis.Mahler.ExteriorFlux (24s)
✔ [3855/4123] Built OAI.Analysis.Mahler.AngularFibers (38s)
✔ [3856/4123] Built Funk.SignedDiagonalPacking (38s)
✔ [3857/4123] Built Funk.LensRealPart (53s)
✔ [3858/4123] Built Funk.LensHeightMeasure (38s)
✔ [3859/4123] Built OAI.Analysis.Mahler.InteriorStokes (44s)
✔ [3860/4123] Built OAI.Analysis.Mahler.SourceRescaling (38s)
✔ [3861/4123] Built OAI.Analysis.Mahler.HemisphereFlux (39s)
✔ [3862/4123] Built OAI.Analysis.Mahler.FiberHeight (27s)
✔ [3863/4123] Built OAI.Analysis.Mahler.FiberPrimitive (27s)
✔ [3864/4123] Built Funk.CubePolar (27s)
✔ [3865/4123] Built Funk.LensArcSeparation (27s)
✔ [3866/4123] Built Funk.LensJetBoundary (27s)
✔ [3867/4123] Built OAI.Analysis.Mahler.SourceHomogeneous (28s)
✔ [3868/4123] Built OAI.Analysis.Mahler.ExteriorCoefficient (59s)
✔ [3869/4123] Built OAI.Analysis.Mahler.DilationTransport (60s)
✔ [3870/4123] Built OAI.Analysis.Mahler.ChartExtension (27s)
✔ [3871/4123] Built OAI.Analysis.Mahler.ExteriorHessian (60s)
✔ [3872/4123] Built OAI.Analysis.Mahler.RegularStokesAssembly (11s)
✔ [3873/4123] Built OAI.Analysis.Mahler.PlanarErrorRate (10s)
✔ [3874/4123] Built OAI.Analysis.Mahler.RadialPrimitiveDeriv (11s)
✔ [3875/4123] Built OAI.Analysis.Mahler.FiberEndpoint (11s)
✔ [3876/4123] Built Funk.LensConcavity (15s)
✔ [3877/4123] Built Funk.CubeFunk (15s)
✔ [3878/4123] Built Funk.LensBoundaryInjective (15s)
✔ [3879/4123] Built OAI.Analysis.Mahler.SourceLogC2 (16s)
✔ [3880/4123] Built OAI.Analysis.Mahler.HomogeneousDeformation (17s)
✔ [3881/4123] Built OAI.Analysis.Mahler.BasisContinuousWedge (19s)
✔ [3882/4123] Built OAI.Analysis.Mahler.FiberPreimageEndpoint (9.9s)
✔ [3883/4123] Built OAI.Analysis.Mahler.ActualVerticalPrimitive (10s)
✔ [3884/4123] Built OAI.Analysis.Mahler.RegularChartStokes (13s)
✔ [3885/4123] Built OAI.Analysis.Mahler.GlobalVerticalGeometry (10s)
✔ [3886/4123] Built Funk.LensCurvature (12s)
✔ [3887/4123] Built Funk.FunkFinite (12s)
✔ [3888/4123] Built Funk.LensConvexBody (12s)
✔ [3889/4123] Built OAI.Analysis.Mahler.BoundaryJet (20s)
✔ [3890/4123] Built OAI.Analysis.Mahler.PlanarDensity (10s)
✔ [3891/4123] Built OAI.Analysis.Mahler.SphereForms (14s)
✔ [3892/4123] Built OAI.Analysis.Mahler.LevelFace (12s)
✔ [3893/4123] Built OAI.Analysis.Mahler.GlobalFiberParametrization (9.3s)
✔ [3894/4123] Built OAI.Analysis.Mahler.ExteriorCoordinates (16s)
✔ [3895/4123] Built Funk.FunkComparison (12s)
✔ [3896/4123] Built Funk.CoordinateBipolar (12s)
✔ [3897/4123] Built OAI.Analysis.Mahler.PunctureCutoff (15s)
✔ [3898/4123] Built OAI.Analysis.Mahler.ContinuousWedgeDerivative (21s)
✔ [3899/4123] Built OAI.Analysis.Mahler.PlanarSymmetry (10s)
✔ [3900/4123] Built OAI.Analysis.Mahler.PlanarIntegralRegularity (10s)
✔ [3901/4123] Built Funk.LensFrontier (13s)
✔ [3902/4123] Built OAI.Analysis.Mahler.PrimitiveEquality (11s)
✔ [3903/4123] Built OAI.Analysis.Mahler.SphereNormalization (16s)
✔ [3904/4123] Built OAI.Analysis.Mahler.SphereRadius (11s)
✔ [3905/4123] Built OAI.Analysis.Mahler.NormSquareForm (16s)
✔ [3906/4123] Built OAI.Analysis.Mahler.PuncturedSublevelStokes (11s)
✔ [3907/4123] Built OAI.Analysis.Mahler.PlanarRegularity (10s)
✔ [3908/4123] Built OAI.Analysis.Mahler.ExteriorDirectional (14s)
✔ [3909/4123] Built Funk.LensDiskImage (11s)
✔ [3910/4123] Built OAI.Analysis.Mahler.ClosedBoundaryStokes (14s)
✔ [3911/4123] Built Funk.LensBoundaryMeasure (11s)
✔ [3912/4123] Built OAI.Analysis.Mahler.GlobalPlanarBound (10s)
✔ [3913/4123] Built OAI.Analysis.Mahler.SphereCoordinateIntegral (12s)
✔ [3914/4123] Built Funk.LensFibers (11s)
✔ [3915/4123] Built Funk.LensJetPositive (11s)
✔ [3916/4123] Built Funk.LensBoundaryProbability (11s)
✔ [3917/4123] Built OAI.Analysis.Mahler.GlobalPlanarMonotonicity (7.1s)
✔ [3918/4123] Built OAI.Analysis.Mahler.LevelForms (15s)
✔ [3919/4123] Built OAI.Analysis.Mahler.NormExteriorPower (15s)
✔ [3920/4123] Built OAI.Analysis.Mahler.ActualFiniteStrips (8.7s)
✔ [3921/4123] Built Funk.LensUnivalent (12s)
✔ [3922/4123] Built Funk.RowDensityMeasure (12s)
✔ [3923/4123] Built OAI.Analysis.Mahler.SphereFlux (13s)
✔ [3924/4123] Built OAI.Analysis.Mahler.OrientedSphereDensity (14s)
✔ [3925/4123] Built OAI.Analysis.Mahler.ReferenceSphere (14s)
✔ [3926/4123] Built OAI.Analysis.Mahler.MatrixExteriorPower (14s)
✔ [3927/4123] Built OAI.Analysis.Mahler.StripRankGeometry (9.3s)
✔ [3928/4123] Built OAI.Analysis.Mahler.StripDifferential (9.5s)
✔ [3929/4123] Built OAI.Analysis.Mahler.ConvexApproximation (12s)
✔ [3930/4123] Built Funk.LensInverse (12s)
✔ [3931/4123] Built Funk.BasisDensityTransport (13s)
✔ [3932/4123] Built OAI.Analysis.Mahler.StripCompactSublevels (10s)
✔ [3933/4123] Built OAI.Analysis.Mahler.SphereAreaTransport (14s)
✔ [3934/4123] Built OAI.Analysis.Mahler.SphereFluxIntegral (15s)
✔ [3935/4123] Built OAI.Analysis.Mahler.StripJacobian (11s)
✔ [3936/4123] Built OAI.Analysis.Mahler.OpenExteriorNormalization (16s)
✔ [3937/4123] Built OAI.Analysis.Mahler.FluxVariation (17s)
✔ [3938/4123] Built OAI.Analysis.Mahler.SphereFluxLimit (17s)
✔ [3939/4123] Built OAI.Analysis.Mahler.ConvexGeometry (13s)
✔ [3940/4123] Built Funk.FunkScaling (14s)
✔ [3941/4123] Built Funk.FeasibleRegion (14s)
✔ [3942/4123] Built OAI.Analysis.Mahler.StripSublevelTopology (12s)
✔ [3943/4123] Built OAI.Analysis.Mahler.WedgeUnit (15s)
✔ [3944/4123] Built OAI.Analysis.Mahler.SphereVolumeOrientation (15s)
✔ [3945/4123] Built OAI.Analysis.Mahler.StripVolume (14s)
✔ [3946/4123] Built OAI.Analysis.Mahler.SphereFluxDifferentiation (17s)
✔ [3947/4123] Built OAI.Analysis.Mahler.UnitaryReference (19s)
✔ [3948/4123] Built OAI.Analysis.Mahler.SourceLevelFlux (19s)
✔ [3949/4123] Built OAI.Analysis.Mahler.LogDilation (18s)
✔ [3950/4123] Built OAI.Analysis.Mahler.ConvexTransfer (12s)
✔ [3951/4123] Built OAI.Analysis.Mahler.ConvexPolarBody (13s)
✔ [3952/4123] Built Funk.BasisPackingIntegral (12s)
✔ [3953/4123] Built OAI.Analysis.Mahler.StripGeometry (9.0s)
✔ [3954/4123] Built Funk.LensBranchCurvature (13s)
✔ [3955/4123] Built Funk.StripNull (13s)
✔ [3956/4123] Built OAI.Analysis.Mahler.WedgeTwoDifferentialAlgebra (14s)
✔ [3957/4123] Built OAI.Analysis.Mahler.FiniteStripReduction (11s)
✔ [3958/4123] Built OAI.Analysis.Mahler.ComplexStripMap (13s)
✔ [3959/4123] Built OAI.Analysis.Mahler.ReferencePole (17s)
✔ [3960/4123] Built OAI.Analysis.Mahler.SphereOrientation (17s)
✔ [3961/4123] Built Funk.BasisCubeCertificate (12s)
✔ [3962/4123] Built OAI.Analysis.Mahler.SourceSphereLimit (16s)
✔ [3963/4123] Built OAI.Analysis.Mahler.ConvexCompletion (13s)
✔ [3964/4123] Built OAI.Analysis.Mahler.ExactFormCoordinates (23s)
✔ [3965/4123] Built OAI.Analysis.Mahler.StripRegularValues (11s)
✔ [3966/4123] Built Funk.PoweredSimplexVolume (13s)
✔ [3967/4123] Built OAI.Analysis.Mahler.SourceFluxRegularity (23s)
✔ [3968/4123] Built OAI.Analysis.Mahler.SpecialLeadingTerm (13s)
✔ [3969/4123] Built Funk.FeasibleFunk (14s)
✔ [3970/4123] Built OAI.Analysis.Mahler.StripMassExhaustion (12s)
✔ [3971/4123] Built OAI.Analysis.Mahler.ReferencePoleFrame (16s)
✔ [3972/4123] Built OAI.Analysis.Mahler.ExactSphereFluxBridge (17s)
✔ [3973/4123] Built OAI.Analysis.Mahler.RealLogBridge (20s)
✔ [3974/4123] Built OAI.Analysis.Mahler.SpecialMassHypotheses (10s)
✔ [3975/4123] Built OAI.Analysis.Mahler.ConvexSequence (23s)
✔ [3976/4123] Built OAI.Analysis.Mahler.ExteriorLeibnizTwo (29s)
✔ [3977/4123] Built OAI.Analysis.Mahler.StripLevelGeometry (9.5s)
✔ [3978/4123] Built Funk.GeometricSeparation (11s)
✔ [3979/4123] Built OAI.Analysis.Mahler.SourceCoordinateForms (21s)
✔ [3980/4123] Built OAI.Analysis.Mahler.ReferenceSphereIntegral (15s)
✔ [3981/4123] Built OAI.Analysis.Mahler.SpecialJacobian (12s)
✔ [3982/4123] Built OAI.Analysis.Mahler.StripRegularLevels (11s)
✔ [3983/4123] Built OAI.Analysis.Mahler.ExactSphereStokes (17s)
✔ [3984/4123] Built OAI.Analysis.Mahler.EuclideanSpecialMap (15s)
✔ [3985/4123] Built OAI.Analysis.Mahler.ConvexMain (13s)
✔ [3986/4123] Built OAI.Analysis.Mahler.SourceExteriorDerivative (33s)
✔ [3987/4123] Built Funk.CanonicalWitness (12s)
✔ [3988/4123] Built OAI.Analysis.Mahler.SourceStokes (14s)
✔ [3989/4123] Built OAI.Analysis.Mahler.SpecialMassBridge (9.9s)
✔ [3990/4123] Built OAI.Analysis.Mahler.SphereDensityRestriction (12s)
✔ [3991/4123] Built OAI.Analysis.Mahler.SmallSphereLimits (12s)
✔ [3992/4123] Built OAI.Analysis.Mahler.ConvexENNRealTransfer (12s)
✔ [3993/4123] Built OAI.Analysis.Mahler.EuclideanRegularLevels (13s)
✔ [3994/4123] Built Funk.CanonicalPacking (12s)
✔ [3995/4123] Built OAI.Analysis.Mahler.SourceRawJets (17s)
✔ [3996/4123] Built OAI.Analysis.Mahler.SourceBoundaryIntegral (15s)
✔ [3997/4123] Built OAI.Analysis.Mahler.EuclideanMassDensity (13s)
✔ [3998/4123] Built OAI.Analysis.Mahler.HomogeneousSphereIntegral (14s)
✔ [3999/4123] Built OAI.Analysis.Mahler.ConvexMassReduction (9.9s)
✔ [4000/4123] Built Funk.CanonicalBasisFamily (9.5s)
✔ [4001/4123] Built OAI.Analysis.Mahler.SourceRawCoefficient (14s)
✔ [4002/4123] Built OAI.Analysis.Mahler.HomogeneousDensityVariation (12s)
✔ [4003/4123] Built OAI.Analysis.Mahler.RegularMassReduction (12s)
✔ [4004/4123] Built Funk.RowRedundancy (11s)
✔ [4005/4123] Built OAI.Analysis.Mahler.SphereDensityBridge (15s)
✔ [4006/4123] Built OAI.Analysis.Mahler.SourceRawOrientation (14s)
✔ [4007/4123] Built OAI.Analysis.Mahler.HomogeneousCircleIntegral (13s)
✔ [4008/4123] Built OAI.Analysis.Mahler.HomogeneousVariationCoefficient (13s)
✔ [4009/4123] Built Funk.DistinctRows (13s)
✔ [4010/4123] Built OAI.Analysis.Mahler.HomogeneousSmoothForms (15s)
✔ [4011/4123] Built OAI.Analysis.Mahler.HomogeneousFluxDifferentiation (21s)
✔ [4012/4123] Built OAI.Analysis.Mahler.SourceTopCoordinates (13s)
✔ [4013/4123] Built Funk.MinimalRowFamily (12s)
✔ [4014/4123] Built Funk.RedundantRowExamples (12s)
✔ [4015/4123] Built OAI.Analysis.Mahler.SourceFullExterior (16s)
✔ [4016/4123] Built OAI.Analysis.Mahler.PairTransgression (30s)
✔ [4017/4123] Built OAI.Analysis.Mahler.PrimitiveRegularity (14s)
✔ [4018/4123] Built OAI.Analysis.Mahler.ClosedWedgePowers (17s)
✔ [4019/4123] Built OAI.Analysis.Mahler.HomogeneousFluxFTC (11s)
✔ [4020/4123] Built Funk.IrredundantRows (9.1s)
✔ [4021/4123] Built OAI.Analysis.Mahler.SourceCanonicalMeasure (10s)
✔ [4022/4123] Built OAI.Analysis.Mahler.SourceFluxCoordinates (11s)
✔ [4023/4123] Built OAI.Analysis.Mahler.PairExteriorBridge (8.9s)
✔ [4024/4123] Built OAI.Analysis.Mahler.SourceRealExterior (11s)
✔ [4025/4123] Built OAI.Analysis.Mahler.HomogeneousPrimitiveRegularity (11s)
✔ [4026/4123] Built Funk.IrredundantCompactRows (9.5s)
✔ [4027/4123] Built Funk.OrderedRowReduction (9.8s)
✔ [4028/4123] Built Funk.IrredundantDirections (10s)
✔ [4029/4123] Built Funk.IrredundantCollision (10s)
✔ [4030/4123] Built OAI.Analysis.Mahler.SourceRadiusFlux (11s)
✔ [4031/4123] Built OAI.Analysis.Mahler.PowerTransgression (11s)
✔ [4032/4123] Built OAI.Analysis.Mahler.SourceCoordinateExterior (10s)
✔ [4033/4123] Built OAI.Analysis.Mahler.SourcePrimitiveStokes (9.4s)
✔ [4034/4123] Built Funk.CollisionResidual (7.6s)
✔ [4035/4123] Built OAI.Analysis.Mahler.SourceRegularFlux (8.0s)
✔ [4036/4123] Built OAI.Analysis.Mahler.HomogeneousTransgressionFTC (8.7s)
✔ [4037/4123] Built OAI.Analysis.Mahler.HomogeneousTransgression (11s)
✔ [4038/4123] Built Funk.CollisionCurvature (7.9s)
✔ [4039/4123] Built OAI.Analysis.Mahler.SourceRegularLimit (6.8s)
✔ [4040/4123] Built Funk.CollisionNull (4.0s)
✔ [4041/4123] Built OAI.Analysis.Mahler.HomogeneousEndpoint (5.6s)
✔ [4042/4123] Built OAI.Analysis.Mahler.SourceRegularMass (5.1s)
✔ [4043/4123] Built Funk.ExtraActiveNull (4.7s)
✔ [4044/4123] Built OAI.Analysis.Mahler.SpecialSourceMass (4.9s)
✔ [4045/4123] Built Funk.IrredundantCover (4.5s)
✔ [4046/4123] Built OAI.Analysis.Mahler.HomogeneousMassAssembly (4.9s)
✔ [4047/4123] Built Funk.PolytopeStrips (4.7s)
✔ [4048/4123] Built Funk.PolytopeFunk (4.4s)
✔ [4049/4123] Built Funk.ProjectivePolar (4.6s)
✔ [4050/4123] Built Funk.ConvexFunk (4.5s)
✔ [4051/4123] Built Funk.ProjectiveSimplex (4.5s)
✔ [4052/4123] Built Funk.KalaiFunk (4.5s)
✔ [4053/4123] Built Funk.SupportingFlagConvention (4.3s)
✔ [4054/4123] Built Funk.HalfspaceFaceConvention (4.4s)
✔ [4055/4123] Built Funk.FlagInterior (4.5s)
✔ [4056/4123] Built Funk.BoundaryFaces (4.5s)
✔ [4057/4123] Built Funk.FlagSimplex (4.6s)
✔ [4058/4123] Built Funk.RadialFaceCover (4.6s)
✔ [4059/4123] Built Funk.CoverUpperIntegral (4.6s)
✔ [4060/4123] Built Funk.DualCoordinates (4.6s)
✔ [4061/4123] Built Funk.BoundaryInterpolation (5.2s)
✔ [4062/4123] Built Funk.FacetPyramidCover (5.4s)
✔ [4063/4123] Built Funk.LogCoordinates (5.4s)
✔ [4064/4123] Built Funk.RelativeFaceGeometry (5.9s)
✔ [4065/4123] Built Funk.BoundaryEventPartition (4.7s)
✔ [4066/4123] Built Funk.OrderedLogSimplex (4.7s)
✔ [4067/4123] Built Funk.RelativeBoundaryFaces (4.6s)
✔ [4068/4123] Built Funk.FaceChainCover (4.2s)
✔ [4069/4123] Built Funk.FlagSimplexCover (4.3s)
✔ [4070/4123] Built Funk.DualFlagCover (4.5s)
✔ [4071/4123] Built Funk.DualFlagDomain (4.4s)
✔ [4072/4123] Built Funk.DualFlagUpper (4.5s)
✔ [4073/4123] Built Funk.DualLogDomain (4.4s)
✔ [4074/4123] Built Funk.LogOrderCertificate (4.6s)
✔ [4075/4123] Built Funk.LogCoordinateBand (4.6s)
✔ [4076/4123] Built Funk.PositiveSupportCertificate (4.4s)
✔ [4077/4123] Built Funk.FlagSupportOrder (10s)
✔ [4078/4123] Built Funk.TailSupportClassification (10s)
✔ [4079/4123] Built Funk.PairLeadingUpper (5.8s)
✔ [4080/4123] Built Funk.EqualSupportDecay (5.1s)
✔ [4081/4123] Built Funk.PositiveColumnDecay (4.3s)
✔ [4082/4123] Built Funk.FlagContactClassification (4.3s)
✔ [4083/4123] Built Funk.FlagContactUniqueness (5.9s)
✔ [4084/4123] Built Funk.SharpFlagUpper (10s)
✔ [4085/4123] Built Funk.UnsignedBoundaryCover (5.6s)
✔ [4086/4123] Built Funk.PeriodicAngularMeasure (5.1s)
✔ [4087/4123] Built Funk.BoundaryCoverObstruction (5.4s)
✔ [4088/4123] Built Funk.LensComplexRows (5.5s)
✔ [4089/4123] Built Funk.LensStandardBoundaryProbability (4.2s)
✔ [4090/4123] Built Funk.LensPowerMap (4.3s)
✔ [4091/4123] Built Funk.LensPowerSublevels (4.4s)
✔ [4092/4123] Built Funk.LensPowerLeading (4.3s)
✔ [4093/4123] Built Funk.LensPowerTaylor (4.3s)
✔ [4094/4123] Built Funk.LensRadialContraction (4.5s)
✔ [4095/4123] Built Funk.LensPowerMassInput (4.3s)
✔ [4096/4123] Built Funk.LensRadialPositive (4.3s)
✔ [4097/4123] Built Funk.LensPowerRegular (4.3s)
✔ [4098/4123] Built Funk.LensMassExhaustion (4.4s)
✔ [4099/4123] Built Funk.LensPowerDerivative (4.7s)
✔ [4100/4123] Built Funk.LensPowerGram (4.5s)
✔ [4101/4123] Built Funk.LensMassLower (5.4s)
✔ [4102/4123] Built Funk.LensMassDensity (4.7s)
✔ [4103/4123] Built Funk.LensPowerMinorSum (4.0s)
✔ [4104/4123] Built Funk.LensMassMinorIntegral (4.7s)
✔ [4105/4123] Built Funk.LensBasisCoordinates (5.3s)
✔ [4106/4123] Built Funk.LensConformalCoordinates (5.1s)
✔ [4107/4123] Built Funk.LensBasisParametrization (4.9s)
✔ [4108/4123] Built Funk.LensMassBasisIntegral (4.8s)
✔ [4109/4123] Built Funk.LensMassPolarIntegral (5.2s)
✔ [4110/4123] Built Funk.LensRadialCoefficient (5.2s)
✔ [4111/4123] Built Funk.LensPolarPower (4.8s)
✔ [4112/4123] Built Funk.LensMassPoweredIntegral (4.6s)
✔ [4113/4123] Built Funk.LensPoweredSimplex (4.4s)
✔ [4114/4123] Built Funk.LensPoweredProductMeasure (4.6s)
✔ [4115/4123] Built Funk.LensPoweredAngularIntegral (4.5s)
✔ [4116/4123] Built Funk.LensPoweredProbability (4.4s)
✔ [4117/4123] Built Funk.LensPoweredBoundaryLimit (4.4s)
✔ [4118/4123] Built Funk.LensPoweredReverseFatou (4.4s)
✔ [4119/4123] Built Funk.MainTheorems (4.3s)
✔ [4120/4123] Built Funk.PublicationStatements (4.5s)
✔ [4121/4123] Built Funk.OpenBodyConvention (4.4s)
✔ [4122/4123] Built Funk (4.8s)
Build completed successfully (4123 jobs).
